pa_section,pa_name,pa_statute,ucr_description,ucr_code_1,ucr_name_1,ucr_code_2,ucr_name_2,ucr_code_3,ucr_name_3,ucr_code_4,ucr_name_4,ucr_code_5,ucr_name_5,ucr_code_6,ucr_name_6,ucr_code_7,ucr_name_7,ucr_code_8,ucr_name_8
1001,runaway,SC,special code,290,runaways,,,,,,,,,,,,,,
1272,fireworks-sale prohibited/displays/permits,FW,fireworks law,260,all other offenses (except traffic),,,,,,,,,,,,,,
1273,fireworks-bond requirement,FW,fireworks law,260,all other offenses (except traffic),,,,,,,,,,,,,,
1275.1,fireworks-agriculture permits,FW,fireworks law,260,all other offenses (except traffic),,,,,,,,,,,,,,
1276.1,fireworks-shipment/evidence of permit required,FW,fireworks law,260,all other offenses (except traffic),,,,,,,,,,,,,,
1276.2,fireworks-registration of displays for profit,FW,fireworks law,260,all other offenses (except traffic),,,,,,,,,,,,,,
2101 A,fail to display flag public mtgs,CC,crimes code,240,disorderly conduct,,,,,,,,,,,,,,
2102 A1,make flag for display/exhibition,CC,crimes code,240,disorderly conduct,,,,,,,,,,,,,,
2102 A2,expose mark/defile flag pubc view,CC,crimes code,240,disorderly conduct,,,,,,,,,,,,,,
2102 A3,mfr article w/flag for adv trade,CC,crimes code,240,disorderly conduct,,,,,,,,,,,,,,
2102 A4,public/private mutilating flag,CC,crimes code,240,disorderly conduct,,,,,,,,,,,,,,
2103,maliciously take down etc flag,CC,crimes code,240,disorderly conduct,,,,,,,,,,,,,,
2500,suicide,SC,special code,999,suicide,,,,,,,,,,,,,,
2501 A,criminal homicide,CC,crimes code,01A,murder and nonnegligent manslaughter,01b,manslaughter by negligence,,,,,,,,,,,,
2502 A,murder of the first degree,CC,crimes code,01A,murder and nonnegligent manslaughter,,,,,,,,,,,,,,
2502 B,murder of the second degree,CC,crimes code,01A,murder and nonnegligent manslaughter,,,,,,,,,,,,,,
2502 C,murder of the third degree,CC,crimes code,01A,murder and nonnegligent manslaughter,,,,,,,,,,,,,,
2503 A1,vol manslaught-provoc ind killed,CC,crimes code,01A,murder and nonnegligent manslaughter,,,,,,,,,,,,,,
2503 A2,vol manslaught-provoc from other-negligence,CC,crimes code,01B,manslaughter by negligence,,,,,,,,,,,,,,
2503 B,vol manslaught-unr belief justfy,CC,crimes code,01A,murder and nonnegligent manslaughter,,,,,,,,,,,,,,
2504 A,involuntary manslaughter,CC,crimes code,01B,manslaughter by negligence,,,,,,,,,,,,,,
2505 A,causing suicide,CC,crimes code,260,all other offenses (except traffic),,,,,,,,,,,,,,
2505 B,aiding suicide,CC,crimes code,260,all other offenses (except traffic),,,,,,,,,,,,,,
2506 A,murder by delivery of drugs,CC,crimes code,260,all other offenses (except traffic),,,,,,,,,,,,,,
2603 A,criminal homicide of unborn child - in general,CC,crimes code,260,all other offenses (except traffic),,,,,,,,,,,,,,
2604 A1,murder of unborn child-first degree,CC,crimes code,260,all other offenses (except traffic),,,,,,,,,,,,,,
2604 B1,murder of unborn child-second degree,CC,crimes code,260,all other offenses (except traffic),,,,,,,,,,,,,,
2604 C1,murder of unborn child-third degree,CC,crimes code,260,all other offenses (except traffic),,,,,,,,,,,,,,
2605 A1,vol manslaughter of unborn child-mother,CC,crimes code,260,all other offenses (except traffic),,,,,,,,,,,,,,
2605 A2,vol manslaughter of unborn child-another,CC,crimes code,260,all other offenses (except traffic),,,,,,,,,,,,,,
2605 B,vol manslaughter of unborn child-unreas belief,CC,crimes code,260,all other offenses (except traffic),,,,,,,,,,,,,,
2606 A,aggravated assault of unborn child,CC,crimes code,260,all other offenses (except traffic),,,,,,,,,,,,,,
2701 A1,simple assault-general,CC,crimes code,04E,other assaults - not aggravated,,,,,,,,,,,,,,
2701 A2,simple assault-bodily inj by neg w/deadly weapon,CC,crimes code,04E,other assaults - not aggravated,,,,,,,,,,,,,,
2701 A3,simple assault-fear of serious inj,CC,crimes code,04A,assault firearm,04b,assault knife or cutting instrument,04c,assault other dangerous weapon,04e,other assaults - not aggravated,,,,,,,,
2701 A4,simple assault - conceal needle and penetrate officer,CC,crimes code,04C,assault other dangerous weapon,,,,,,,,,,,,,,
2702 A1,aggravated assault-general,CC,crimes code,04A,assault firearm,04b,assault knife or cutting instrument,04c,assault other dangerous weapon,04d,"assault hands, fist, feet, etc.",,,,,,,,
2702 A2,"aggravated assault-serious inj to police, etc",CC,crimes code,04A,assault firearm,04b,assault knife or cutting instrument,04c,assault other dangerous weapon,04d,"assault hands, fist, feet, etc.",,,,,,,,
2702 A3,"aggravated assault-inj to police, etc",CC,crimes code,04A,assault firearm,04b,assault knife or cutting instrument,04c,assault other dangerous weapon,04d,"assault hands, fist, feet, etc.",04e,other assaults - not aggravated,,,,,,
2702 A4,aggravated assault-inj w/deadly weapon,CC,crimes code,04A,assault firearm,04b,assault knife or cutting instrument,04c,assault other dangerous weapon,04d,"assault hands, fist, feet, etc.",,,,,,,,
2702 A5,"aggravated assault-inj to teacher, student, etc",CC,crimes code,04A,assault firearm,04b,assault knife or cutting instrument,04c,assault other dangerous weapon,04d,"assault hands, fist, feet, etc.",04e,other assaults - not aggravated,,,,,,
2702 A6,"aggravated assault-police, etc in fear of ser inj",CC,crimes code,04A,assault firearm,04b,assault knife or cutting instrument,04c,assault other dangerous weapon,04d,"assault hands, fist, feet, etc.",,,,,,,,
2703,assault by prisoner,CC,crimes code,04A,assault firearm,04b,assault knife or cutting instrument,04c,assault other dangerous weapon,04d,"assault hands, fist, feet, etc.",,,,,,,,
2703.1,aggravated harassment by prisoner,CC,crimes code,04E,other assaults - not aggravated,,,,,,,,,,,,,,
2704,assault by life prisoner,CC,crimes code,04A,assault firearm,04b,assault knife or cutting instrument,04c,assault other dangerous weapon,04d,"assault hands, fist, feet, etc.",,,,,,,,
2705,reckless endanger another person,CC,crimes code,04E,other assaults - not aggravated,,,,,,,,,,,,,,
2706 A1,terroristic threats-general,CC,crimes code,04E,other assaults - not aggravated,,,,,,,,,,,,,,
2706 A2,terroristic threats-cause evacuation,CC,crimes code,04E,other assaults - not aggravated,,,,,,,,,,,,,,
2706 A3,terroristic threats-serious public inconvenience,CC,crimes code,04E,other assaults - not aggravated,,,,,,,,,,,,,,
2707 A,propulsion/missle into occ veh,CC,crimes code,04C,assault other dangerous weapon,,,,,,,,,,,,,,
2707 B,propulsion/missles onto roadway,CC,crimes code,04C,assault other dangerous weapon,,,,,,,,,,,,,,
2707.1 A,discharge firearm into occupied structure,CC,crimes code,04E,other assaults - not aggravated,,,,,,,,,,,,,,
2707.2 A1,paintball guns and markers - carrying in veh,CC,crimes code,260,all other offenses (except traffic),,,,,,,,,,,,,,
2708 A,tear gas agst person in labor dis,CC,crimes code,260,all other offenses (except traffic),,,,,,,,,,,,,,
2709 A1,harassment/physical strike kick,CC,crimes code,04E,other assaults - not aggravated,,,,,,,,,,,,,,
2709 A2,harassment/follow about in pub,CC,crimes code,240,disorderly conduct,,,,,,,,,,,,,,
2709 A3,harassment-course of conduct/acts serve no purpose,CC,crimes code,240,disorderly conduct,,,,,,,,,,,,,,
2709 B1,stalking-fear of injury,CC,crimes code,04E,other assaults - not aggravated,04e,other assaults - not aggravated,240,disorderly conduct,,,,,,,,,,
2709 B2,stalking-substantial emotional distress,CC,crimes code,240,disorderly conduct,,,,,,,,,,,,,,
2710 A,ethnic intimidation,CC,crimes code,04E,other assaults - not aggravated,,,,,,,,,,,,,,
2712 A,assault on sports official,CC,crimes code,04E,other assaults - not aggravated,,,,,,,,,,,,,,
2713 A1,neglect of care-dep person-fail to provide care,CC,crimes code,04E,other assaults - not aggravated,,,,,,,,,,,,,,
2713 A2,"neglect of care-dep person-restraints, meds, isol",CC,crimes code,04E,other assaults - not aggravated,,,,,,,,,,,,,,
2714,unauth admin of intoxicant,CC,crimes code,260,all other offenses (except traffic),,,,,,,,,,,,,,
2715 A1,bomb threats - places/sets bomb,CC,crimes code,04C,assault other dangerous weapon,,,,,,,,,,,,,,
2715 A2,bomb threats - causes placement/setting of bomb,CC,crimes code,260,all other offenses (except traffic),,,,,,,,,,,,,,
2715 A3,bomb threats - reports w/o factual basis existance or,CC,crimes code,240,disorderly conduct,,,,,,,,,,,,,,
2715 A4,bomb threats - threatens placement/setting of bomb,CC,crimes code,04E,other assaults - not aggravated,,,,,,,,,,,,,,
2901 A1,kidnapping-ransom,CC,crimes code,260,all other offenses (except traffic),,,,,,,,,,,,,,
2901 A2,kidnapping-facilitate a felony,CC,crimes code,260,all other offenses (except traffic),,,,,,,,,,,,,,
2901 A3,kidnapping-inflict inj/terror,CC,crimes code,260,all other offenses (except traffic),,,,,,,,,,,,,,
2901 A4,kidnapping-interfere w/pub off,CC,crimes code,260,all other offenses (except traffic),,,,,,,,,,,,,,
2902 1,unlaw restraint-risk ser injury,CC,crimes code,260,all other offenses (except traffic),,,,,,,,,,,,,,
2902 2,unlaw restraint-invol servitude,CC,crimes code,260,all other offenses (except traffic),,,,,,,,,,,,,,
2903,false imprisonment,CC,crimes code,260,all other offenses (except traffic),,,,,,,,,,,,,,
2904 A,interfer with custody of childrn,CC,crimes code,200,offenses against family & children,,,,,,,,,,,,,,
2905 A,interfer custody committed person,CC,crimes code,260,all other offenses (except traffic),,,,,,,,,,,,,,
2906 A1,crim coercion-threat to commit crime,CC,crimes code,260,all other offenses (except traffic),,,,,,,,,,,,,,
2906 A2,crim coercion-threat to accuse of crime,CC,crimes code,260,all other offenses (except traffic),,,,,,,,,,,,,,
2906 A3,crim coercion-threat to expose secret,CC,crimes code,260,all other offenses (except traffic),,,,,,,,,,,,,,
2906 A4,crim coercion-threat to take/withold official act,CC,crimes code,260,all other offenses (except traffic),,,,,,,,,,,,,,
2907,disposition of ransom,CC,crimes code,260,all other offenses (except traffic),,,,,,,,,,,,,,
2909 A,conceal whereabouts of child,CC,crimes code,260,all other offenses (except traffic),,,,,,,,,,,,,,
2910,lure child into motor vehicle,CC,crimes code,260,all other offenses (except traffic),,,,,,,,,,,,,,
3121 A1,rape-forcible compulsion,CC,crimes code,02A,rape by force,02b,assault to rape - attempts,,,,,,,,,,,,
3121 A2,rape-threat of forcible compulsn,CC,crimes code,02A,rape by force,02b,assault to rape - attempts,,,,,,,,,,,,
3121 A3,rape-unconscious victim,CC,crimes code,02A,rape by force,02b,assault to rape - attempts,,,,,,,,,,,,
3121 A4,rape-admin drug/intoxicant/other,CC,crimes code,02A,rape by force,02b,assault to rape - attempts,,,,,,,,,,,,
3121 A5,rape-mental ill/deficient victim,CC,crimes code,02A,rape by force,02b,assault to rape - attempts,,,,,,,,,,,,
3121 A6,rape-victim less than 13,CC,crimes code,02A,rape by force,02b,assault to rape - attempts,170,sex offenses (except 02 and 160),,,,,,,,,,
3122.1,statutory sexual assault,CC,crimes code,170,sex offenses (except 02 and 160),,,,,,,,,,,,,,
3123 A1,idsi-forcible compulsion,CC,crimes code,170,sex offenses (except 02 and 160),,,,,,,,,,,,,,
3123 A2,idsi-threat forcible complusion,CC,crimes code,170,sex offenses (except 02 and 160),,,,,,,,,,,,,,
3123 A3,idsi-unconscious victim,CC,crimes code,170,sex offenses (except 02 and 160),,,,,,,,,,,,,,
3123 A4,idsi-admin drug/intoxicant/other,CC,crimes code,170,sex offenses (except 02 and 160),,,,,,,,,,,,,,
3123 A5,idsi-mental ill/deficient victim,CC,crimes code,170,sex offenses (except 02 and 160),,,,,,,,,,,,,,
3123 A6,idsi-victim less than 13,CC,crimes code,170,sex offenses (except 02 and 160),,,,,,,,,,,,,,
3123 A7,idsi-victim less than 16 - offender 4 yrs older,CC,crimes code,170,sex offenses (except 02 and 160),,,,,,,,,,,,,,
3124.1,sexual assault,CC,crimes code,02A,rape by force,170,sex offenses (except 02 and 160),,,,,,,,,,,,
3124.2,institutional sexual assault,CC,crimes code,170,sex offenses (except 02 and 160),,,,,,,,,,,,,,
3125 1,aggrav indec asslt-w/o consent,CC,crimes code,170,sex offenses (except 02 and 160),,,,,,,,,,,,,,
3125 2,aggrav indec asslt-forcible compulsion,CC,crimes code,170,sex offenses (except 02 and 160),,,,,,,,,,,,,,
3125 3,aggrav indec asslt-threat force,CC,crimes code,170,sex offenses (except 02 and 160),,,,,,,,,,,,,,
3125 4,aggrav indec asslt-unconscious,CC,crimes code,170,sex offenses (except 02 and 160),,,,,,,,,,,,,,
3125 5,aggrav indec asslt-drug/intoxicant,CC,crimes code,170,sex offenses (except 02 and 160),,,,,,,,,,,,,,
3125 6,aggrav indec asslt-mental def,CC,crimes code,170,sex offenses (except 02 and 160),,,,,,,,,,,,,,
3125 7,aggrav indec asslt-less than 13,CC,crimes code,170,sex offenses (except 02 and 160),,,,,,,,,,,,,,
3125 8,aggrav indec asslt-less 16 gtr 4 yrs,CC,crimes code,170,sex offenses (except 02 and 160),,,,,,,,,,,,,,
3126 A1,indec asslt-w/0 cons of other,CC,crimes code,170,sex offenses (except 02 and 160),,,,,,,,,,,,,,
3126 A2,indec asslt-forcible compulsion,CC,crimes code,170,sex offenses (except 02 and 160),,,,,,,,,,,,,,
3126 A3,indec asslt-threat force,CC,crimes code,170,sex offenses (except 02 and 160),,,,,,,,,,,,,,
3126 A4,indec asslt-unconscious,CC,crimes code,170,sex offenses (except 02 and 160),,,,,,,,,,,,,,
3126 A5,indec asslt-drug/intoxicant,CC,crimes code,170,sex offenses (except 02 and 160),,,,,,,,,,,,,,
3126 A6,indec asslt-mental deficentcy,CC,crimes code,170,sex offenses (except 02 and 160),,,,,,,,,,,,,,
3126 A7,indec asslt-less than 13,CC,crimes code,170,sex offenses (except 02 and 160),,,,,,,,,,,,,,
3126 A8,indec asslt-less 16 gtr 4 yrs,CC,crimes code,170,sex offenses (except 02 and 160),,,,,,,,,,,,,,
3127,indecent exposure,CC,crimes code,170,sex offenses (except 02 and 160),,,,,,,,,,,,,,
3129,sexual intercourse with animal,CC,crimes code,170,sex offenses (except 02 and 160),,,,,,,,,,,,,,
3204 A1,abortion/medical consultation-medically necessary,CC,crimes code,260,all other offenses (except traffic),,,,,,,,,,,,,,
3204 A2,abortion/medical consultation-medically necessary,CC,crimes code,260,all other offenses (except traffic),,,,,,,,,,,,,,
3205 A,abortion/informed consent-required,CC,crimes code,260,all other offenses (except traffic),,,,,,,,,,,,,,
3205 B,abortion/informed consent- emergncy,CC,crimes code,260,all other offenses (except traffic),,,,,,,,,,,,,,
3206 A,abortion/parental consent-general,CC,crimes code,260,all other offenses (except traffic),,,,,,,,,,,,,,
3210 A,abortion/ determination of gest age,CC,crimes code,260,all other offenses (except traffic),,,,,,,,,,,,,,
3211 A,abortion on unborn child 24 or more weeks gest age,CC,crimes code,260,all other offenses (except traffic),,,,,,,,,,,,,,
3211 C,abortion on ub 24+ wks gest age-further restricted,CC,crimes code,260,all other offenses (except traffic),,,,,,,,,,,,,,
3212 B,abortion/infanticide-provide care for live birth,CC,crimes code,260,all other offenses (except traffic),,,,,,,,,,,,,,
3213 A,abortion/prohibited acts-restrictions on payment,CC,crimes code,260,all other offenses (except traffic),,,,,,,,,,,,,,
3213 A1,abortion/prohibited acts-restrictions on payment,CC,crimes code,260,all other offenses (except traffic),,,,,,,,,,,,,,
3213 A2,abortion/prohibited acts-restrictions on payment,CC,crimes code,260,all other offenses (except traffic),,,,,,,,,,,,,,
3213 B,abortion/prohibited acts-referral fee,CC,crimes code,260,all other offenses (except traffic),,,,,,,,,,,,,,
3214 C,abortion/reporting-pathological exam,CC,crimes code,260,all other offenses (except traffic),,,,,,,,,,,,,,
3214 E4,abortion/reporting-unauthorized disclosure,CC,crimes code,260,all other offenses (except traffic),,,,,,,,,,,,,,
3214 I2,abortion/reporting-deliver/disclose false report,CC,crimes code,260,all other offenses (except traffic),,,,,,,,,,,,,,
3215 F,abortion/public officer ordering,CC,crimes code,260,all other offenses (except traffic),,,,,,,,,,,,,,
3215 G,abortion/public officer limiting benefits,CC,crimes code,260,all other offenses (except traffic),,,,,,,,,,,,,,
3216 A,abortion/fetal experimentati/unborn or live child,CC,crimes code,260,all other offenses (except traffic),,,,,,,,,,,,,,
3218 B1,abortion/crim penalties- false written statement,CC,crimes code,260,all other offenses (except traffic),,,,,,,,,,,,,,
3218 B2,abortion/crim pen-reliance on unauthentic doc,CC,crimes code,260,all other offenses (except traffic),,,,,,,,,,,,,,
3218 C,"abortion/crim pen-makes statements ""under penalty""",CC,crimes code,260,all other offenses (except traffic),,,,,,,,,,,,,,
3301 A1I,arson-danger of death/bodily inj,CC,crimes code,090,arson,,,,,,,,,,,,,,
3301 A1II,arson-inhabited building/struct,CC,crimes code,090,arson,,,,,,,,,,,,,,
3301 A2,arson-cause death,CC,crimes code,090,arson,,,,,,,,,,,,,,
3301 C1,arson-intent destroy unocc bldg,CC,crimes code,090,arson,,,,,,,,,,,,,,
3301 C2,arson-recklessly place inhabited bldg in danger,CC,crimes code,090,arson,,,,,,,,,,,,,,
3301 C3,arson-intent collect insurance,CC,crimes code,090,arson,,,,,,,,,,,,,,
3301 D.1,arson-dangerous burning endangering person or prop,CC,crimes code,090,arson,,,,,,,,,,,,,,
3301 D1,arson-recklessly placing uninhabited bldg danger,CC,crimes code,090,arson,,,,,,,,,,,,,,
3301 D2,arson-personal property excs $5000 or mv,CC,crimes code,090,arson,,,,,,,,,,,,,,
3301 E1,arson-failure to control/duty,CC,crimes code,090,arson,,,,,,,,,,,,,,
3301 E2,arson-fail to control/rpt danger fire,CC,crimes code,090,arson,,,,,,,,,,,,,,
3301 F,arson-possess exsplosive/incen mat with intent,CC,crimes code,090,arson,,,,,,,,,,,,,,
3301 G,arson-fail disclose true owner propty,CC,crimes code,260,all other offenses (except traffic),,,,,,,,,,,,,,
3302 A,causing catastrophe,CC,crimes code,090,arson,260,all other offenses (except traffic),,,,,,,,,,,,
3302 B,risking catastrophe,CC,crimes code,090,arson,260,all other offenses (except traffic),,,,,,,,,,,,
3303 1,fail to prevent catastrophe-duty,CC,crimes code,260,all other offenses (except traffic),,,,,,,,,,,,,,
3303 2,fail to prev catast-did/assent,CC,crimes code,260,all other offenses (except traffic),,,,,,,,,,,,,,
3304 A1,crim mis-general,CC,crimes code,090,arson,140,vandalism,,,,,,,,,,,,
3304 A2,crim mis-tampers to endanger person/property,CC,crimes code,090,arson,140,vandalism,,,,,,,,,,,,
3304 A3,criminal misch-deception or threat,CC,crimes code,140,vandalism,,,,,,,,,,,,,,
3304 A4,criminal misch-paint or marker,CC,crimes code,140,vandalism,,,,,,,,,,,,,,
3305,injure/tamper fire apparatus,CC,crimes code,140,vandalism,,,,,,,,,,,,,,
3306,unauthor use/open fire hydrant,CC,crimes code,140,vandalism,,,,,,,,,,,,,,
3307 A.1,inst vand-illegal possession w/intent,CC,crimes code,140,vandalism,,,,,,,,,,,,,,
3307 A1,inst vand-place worship,CC,crimes code,140,vandalism,,,,,,,,,,,,,,
3307 A2,inst vand-cemetery etc,CC,crimes code,140,vandalism,,,,,,,,,,,,,,
3307 A3,inst vand-educ facil,CC,crimes code,140,vandalism,,,,,,,,,,,,,,
3307 A4,inst vand-adj ground,CC,crimes code,140,vandalism,,,,,,,,,,,,,,
3307 A5,inst vand-persnal property,CC,crimes code,140,vandalism,,,,,,,,,,,,,,
3309 A,agricultural vandalism,CC,crimes code,140,vandalism,,,,,,,,,,,,,,
3310 A,agricultural crop destruction,CC,crimes code,140,vandalism,,,,,,,,,,,,,,
3502 A,burglary,CC,crimes code,05A,burglary forcible entry,05b,burglary unlawful entry - no force,05c,burglary attempted forcible entry,,,,,,,,,,
3503 A1I,crim tres-enter structure,CC,crimes code,260,all other offenses (except traffic),,,,,,,,,,,,,,
3503 A1II,crim tres-break into structure,CC,crimes code,260,all other offenses (except traffic),,,,,,,,,,,,,,
3503 B.11I,crim tres-simple trespass/to threaten,CC,crimes code,260,all other offenses (except traffic),,,,,,,,,,,,,,
3503 B.11II,crim tres-simple trespass/to start fire,CC,crimes code,260,all other offenses (except traffic),,,,,,,,,,,,,,
3503 B.11III,crim tres-simple trespass/to deface/damage,CC,crimes code,260,all other offenses (except traffic),,,,,,,,,,,,,,
3503 B.21I,crim tres-agricultural tres/ignore posting/fence,CC,crimes code,260,all other offenses (except traffic),,,,,,,,,,,,,,
3503 B.21II,crim tres-agricultural tres/ignores actual comm,CC,crimes code,260,all other offenses (except traffic),,,,,,,,,,,,,,
3503 B1I,crim tres-defiant tres/actual communication to,CC,crimes code,260,all other offenses (except traffic),,,,,,,,,,,,,,
3503 B1II,crim tres-defiant tres/posted,CC,crimes code,260,all other offenses (except traffic),,,,,,,,,,,,,,
3503 B1III,crim tres-defiant tres/fence or enclosure,CC,crimes code,260,all other offenses (except traffic),,,,,,,,,,,,,,
3701 A1II,robbery-threat immed ser injury,CC,crimes code,03A,robbery firearm,03b,robbery knife or cutting instrument,03c,robbery other dangerous weapon,03d,"robbery strong arm(hands, feet, etc.)",,,,,,,,
3701 A1III,robbery-commit/threat 1st/2nd degree felony,CC,crimes code,03A,robbery firearm,03b,robbery knife or cutting instrument,03c,robbery other dangerous weapon,03d,"robbery strong arm(hands, feet, etc.)",,,,,,,,
3701 A1IV,robbery-inflict/threat bodily inj,CC,crimes code,03A,robbery firearm,03b,robbery knife or cutting instrument,03c,robbery other dangerous weapon,03d,"robbery strong arm(hands, feet, etc.)",,,,,,,,
3701 A1L,robbery-inflict ser body injury,CC,crimes code,03A,robbery firearm,03b,robbery knife or cutting instrument,03c,robbery other dangerous weapon,03d,"robbery strong arm(hands, feet, etc.)",,,,,,,,
3701 A1V,robbery-by force however slight,CC,crimes code,03A,robbery firearm,03b,robbery knife or cutting instrument,03c,robbery other dangerous weapon,03d,"robbery strong arm(hands, feet, etc.)",,,,,,,,
3702 A,robbery of motor veh-general,CC,crimes code,03A,robbery firearm,03b,robbery knife or cutting instrument,03c,robbery other dangerous weapon,03d,"robbery strong arm(hands, feet, etc.)",,,,,,,,
3731 A1,dui-incapable of safe driving,VC,vehicle code,210,driving under the influence,,,,,,,,,,,,,,
3731 A2,dui-influence of controlled sub,VC,vehicle code,210,driving under the influence,,,,,,,,,,,,,,
3731 A3,dui-combined influence of alc/drugs,VC,vehicle code,210,driving under the influence,,,,,,,,,,,,,,
3731 A4I,dui-bac over .10/adult,VC,vehicle code,210,driving under the influence,,,,,,,,,,,,,,
3731 A4II,dui-bac over .02/minor,VC,vehicle code,210,driving under the influence,,,,,,,,,,,,,,
3921 A,theft by unlaw taking-movable,CC,crimes code,060,larceny -theft,07a,motor vehicle theft - autos,07b,motor vehicle theft - trucks and buses,07c,motor vehicle theft - other vehicles,,,,,,,,
3921 B,theft by unlaw taking-immovable,CC,crimes code,060,larceny -theft,,,,,,,,,,,,,,
3922 A1,theft py decept-false impression,CC,crimes code,110,fraud,,,,,,,,,,,,,,
3922 A2,theft by decept-prevent acquiring info,CC,crimes code,110,fraud,,,,,,,,,,,,,,
3922 A3,theft by decept-fail to correct false impression,CC,crimes code,110,fraud,,,,,,,,,,,,,,
3923 A1,theft extort-threat commit another crime,CC,crimes code,260,all other offenses (except traffic),,,,,,,,,,,,,,
3923 A2,theft extort-threat to accuse another,CC,crimes code,260,all other offenses (except traffic),,,,,,,,,,,,,,
3923 A3,theft extort-expose secret,CC,crimes code,260,all other offenses (except traffic),,,,,,,,,,,,,,
3923 A4,theft extort-take or w/hold action as official,CC,crimes code,260,all other offenses (except traffic),,,,,,,,,,,,,,
3923 A5,"theft extort-bring about strike, etc",CC,crimes code,260,all other offenses (except traffic),,,,,,,,,,,,,,
3923 A6,theft extort-testify or w/hold testimony,CC,crimes code,260,all other offenses (except traffic),,,,,,,,,,,,,,
3923 A7,theft extort-inflict other harm,CC,crimes code,260,all other offenses (except traffic),,,,,,,,,,,,,,
3924,theft property lost etc py mistake,CC,crimes code,060,larceny -theft,,,,,,,,,,,,,,
3925 A,receiving-stolen property,CC,crimes code,130,"stolen prop., rec., posses., buying",,,,,,,,,,,,,,
3926 A1,theft of servces-acquisition of service,CC,crimes code,110,fraud,,,,,,,,,,,,,,
3926 A1.1,theft of services-telecomm. service,CC,crimes code,110,fraud,,,,,,,,,,,,,,
3926 B,theft of services-diversion of services,CC,crimes code,110,fraud,,,,,,,,,,,,,,
3926 E,theft of services-sale or transfer of device/plan,CC,crimes code,110,fraud,,,,,,,,,,,,,,
3927 A,theft by fail to make req disp of funds,CC,crimes code,120,embezzlement,,,,,,,,,,,,,,
3928 A,unauth use motor/other vehicles,CC,crimes code,120,embezzlement,260,all other offenses (except traffic),,,,,,,,,,,,
3929 A1,retail theft-take merchandise,CC,crimes code,060,larceny -theft,,,,,,,,,,,,,,
3929 A2,retail theft-alter label/price mark,CC,crimes code,060,larceny -theft,,,,,,,,,,,,,,
3929 A3,retail theft-transfer merchandise from container,CC,crimes code,060,larceny -theft,,,,,,,,,,,,,,
3929 A4,retail theft-under ring,CC,crimes code,060,larceny -theft,,,,,,,,,,,,,,
3929 A5,retail theft-tampers with security devices,CC,crimes code,060,larceny -theft,,,,,,,,,,,,,,
3929.1 A,library theft,CC,crimes code,060,larceny -theft,,,,,,,,,,,,,,
3930 A1,"theft of trade secrets-by force, violence or fear",CC,crimes code,260,all other offenses (except traffic),,,,,,,,,,,,,,
3930 A2,theft of trade secrets-enter bldg or struct,CC,crimes code,260,all other offenses (except traffic),,,,,,,,,,,,,,
3930 B1,theft of trade secrets-unlawful access/ possession,CC,crimes code,260,all other offenses (except traffic),,,,,,,,,,,,,,
3930 B2,"theft of trade sectrets-convert, copy, exhibit",CC,crimes code,260,all other offenses (except traffic),,,,,,,,,,,,,,
3931,theft unpub drama/music comp,CC,crimes code,260,all other offenses (except traffic),,,,,,,,,,,,,,
3932 A,theft of leased property,CC,crimes code,110,fraud,,,,,,,,,,,,,,
3933 A1I,unlawful use computer-intent to interrupt funct,CC,crimes code,140,vandalism,240,disorderly conduct,,,,,,,,,,,,
3933 A1II,unlawful use computer-scheme to defraud,CC,crimes code,110,fraud,,,,,,,,,,,,,,
3933 A2,"unlawful use computer-access, interfere, damage",CC,crimes code,140,vandalism,240,disorderly conduct,,,,,,,,,,,,
3933 A3,unlawful use computer-publish password/code/pin,CC,crimes code,240,disorderly conduct,,,,,,,,,,,,,,
3933 A4,unlawful use computer-scheme to attack/impede sys,CC,crimes code,240,disorderly conduct,,,,,,,,,,,,,,
3934 A,theft from motor vehicle,CC,crimes code,060,larceny -theft,,,,,,,,,,,,,,
4101 A1,forgery -alter writing,CC,crimes code,100,forgery and counterfeiting,,,,,,,,,,,,,,
4101 A2,forgery -unauthorized act in writi,CC,crimes code,100,forgery and counterfeiting,,,,,,,,,,,,,,
4101 A3,forgery -utters forged writing,CC,crimes code,100,forgery and counterfeiting,,,,,,,,,,,,,,
4102,"simulating objects of antiquity, rarity, etc",CC,crimes code,100,forgery and counterfeiting,,,,,,,,,,,,,,
4103,fraudulent destruction recordable instruments,CC,crimes code,110,fraud,,,,,,,,,,,,,,
4104 A,tampering with records or id-falsifies/destroys id,CC,crimes code,110,fraud,,,,,,,,,,,,,,
4104 B,tampering with records or id-buy/sell/move goods,CC,crimes code,110,fraud,,,,,,,,,,,,,,
4105 A1,bad checks-general,CC,crimes code,110,fraud,,,,,,,,,,,,,,
4105 A2,bad checks-drawee located within pa,CC,crimes code,110,fraud,,,,,,,,,,,,,,
4106 A1I,access device fraud-use counterfeit/altered device,CC,crimes code,110,fraud,,,,,,,,,,,,,,
4106 A1II,access device fraud-use another's device w/o auth,CC,crimes code,110,fraud,,,,,,,,,,,,,,
4106 A1III,access device fraud-use revoked/cancelled device,CC,crimes code,110,fraud,,,,,,,,,,,,,,
4106 A1IV,access device fraud-use is unauth for any reason,CC,crimes code,110,fraud,,,,,,,,,,,,,,
4106 A2,access device fraud-make/sell/trans device w/know,CC,crimes code,110,fraud,,,,,,,,,,,,,,
4106 A3,access device fraud-possess device w/knowledge,CC,crimes code,110,fraud,,,,,,,,,,,,,,
4106.1 A1,unlawful device - making equip-produces/traffics,CC,crimes code,110,fraud,,,,,,,,,,,,,,
4106.1 A2,unlawful device - making equip-possessing,CC,crimes code,110,fraud,,,,,,,,,,,,,,
4107 A1,decept bus pract-false weight/meas,CC,crimes code,110,fraud,,,,,,,,,,,,,,
4107 A2,decept bus pract-sell/offer less than quanity,CC,crimes code,110,fraud,,,,,,,,,,,,,,
4107 A3,decept bus pract-takes more as buyer via deceit,CC,crimes code,110,fraud,,,,,,,,,,,,,,
4107 A4,decept bus pract-adulterated/mislabeled goods,CC,crimes code,110,fraud,,,,,,,,,,,,,,
4107 A5,decept bus pract-false/misleading advertisement,CC,crimes code,110,fraud,,,,,,,,,,,,,,
4107 A6,decept bus pract-false/mis writing for credit/prop,CC,crimes code,110,fraud,,,,,,,,,,,,,,
4107 A7,decept bus pract-false/mis state for sale of sec,CC,crimes code,110,fraud,,,,,,,,,,,,,,
4107 A8,decept bus pract-false/mis state to induce invest,CC,crimes code,110,fraud,,,,,,,,,,,,,,
4107.1 A,decept relating to kosher food products,CC,crimes code,110,fraud,,,,,,,,,,,,,,
4107.2 A1,decept relating to mbe or wbe-obtain certification,CC,crimes code,110,fraud,,,,,,,,,,,,,,
4107.2 A2,decept relating to mbe or wbe-false statements,CC,crimes code,110,fraud,,,,,,,,,,,,,,
4107.2 A3,decept relating to mbe or wbe-obstruct invest,CC,crimes code,110,fraud,,,,,,,,,,,,,,
4107.2 A4,decept relating to mbe or wbe-obtain public money,CC,crimes code,110,fraud,,,,,,,,,,,,,,
4108 A,commercial bribery-corrupt emp/agent/fiduciary,CC,crimes code,260,all other offenses (except traffic),,,,,,,,,,,,,,
4108 B,commercial bribery-corrupt disinterested person,CC,crimes code,260,all other offenses (except traffic),,,,,,,,,,,,,,
4108 C,commercial bribery-solicitation,CC,crimes code,260,all other offenses (except traffic),,,,,,,,,,,,,,
4109 A1,rig public exhib contest-bribes or threat,CC,crimes code,260,all other offenses (except traffic),,,,,,,,,,,,,,
4109 A2,rig public exhib contest-tamper w/animal/per/thing,CC,crimes code,260,all other offenses (except traffic),,,,,,,,,,,,,,
4109 B,rig public exhib contest-solicit/accept benefit,CC,crimes code,260,all other offenses (except traffic),,,,,,,,,,,,,,
4109 C,rig public ehhib contest- knowingly participate,CC,crimes code,260,all other offenses (except traffic),,,,,,,,,,,,,,
4110,defraud secured creditors,CC,crimes code,120,embezzlement,,,,,,,,,,,,,,
4111 1,fraud in insolvency -obstruct claim,CC,crimes code,120,embezzlement,,,,,,,,,,,,,,
4111 2,fraud in insolvency -falsify writing/record,CC,crimes code,120,embezzlement,,,,,,,,,,,,,,
4111 3,fraud in insolvency -misrepresent/fail to disclose,CC,crimes code,120,embezzlement,,,,,,,,,,,,,,
4112 1,rec deposits failing financial inst-general,CC,crimes code,110,fraud,,,,,,,,,,,,,,
4112 2,rec deposits failing financial inst-person unaware,CC,crimes code,110,fraud,,,,,,,,,,,,,,
4113 A,misapply entrusted prop and prop of govt/fin inst,CC,crimes code,110,fraud,,,,,,,,,,,,,,
4114,securing execution of documents by deception,CC,crimes code,120,embezzlement,,,,,,,,,,,,,,
4115,falsely impersonating persons privately employed,CC,crimes code,110,fraud,,,,,,,,,,,,,,
4116 B1,copying; rec devices-unauth trans sound for profit,CC,crimes code,110,fraud,,,,,,,,,,,,,,
4116 B2,copying; rec devices-unauth dist of copied sound,CC,crimes code,110,fraud,,,,,,,,,,,,,,
4116 D,copying; rec devices-retail dist/possess rec dev,CC,crimes code,110,fraud,,,,,,,,,,,,,,
4116 D.11,copying; rec devices-recordings/live performances,CC,crimes code,110,fraud,,,,,,,,,,,,,,
4116 E,copying; rec devices-package must state man name,CC,crimes code,110,fraud,,,,,,,,,,,,,,
4116.1,unlawful recording device in motion pict theater,CC,crimes code,110,fraud,,,,,,,,,,,,,,
4117 A1,ins fraud-false document,CC,crimes code,110,fraud,,,,,,,,,,,,,,
4117 A2,ins fraud-false claim,CC,crimes code,110,fraud,,,,,,,,,,,,,,
4117 A3,ins fraud-aids/abets/solicits/consp false claim,CC,crimes code,110,fraud,,,,,,,,,,,,,,
4117 A4,ins fraud-unlicensed broker/agent activity,CC,crimes code,110,fraud,,,,,,,,,,,,,,
4117 A5,ins fraud-knowingly benefit,CC,crimes code,110,fraud,,,,,,,,,,,,,,
4117 A6,ins fraud-allows use of health care facility,CC,crimes code,110,fraud,,,,,,,,,,,,,,
4117 A7,ins fraud-borrow/use another's ins id for f/claim,CC,crimes code,110,fraud,,,,,,,,,,,,,,
4117 A8,ins fraud-solicit action,CC,crimes code,110,fraud,,,,,,,,,,,,,,
4117 B1,ins fraud-unlawful compensation by attorney,CC,crimes code,110,fraud,,,,,,,,,,,,,,
4117 B2,ins fraud-unlawful compensation by provider,CC,crimes code,110,fraud,,,,,,,,,,,,,,
4117 B3,ins fraud-unlawful compensation/referral info,CC,crimes code,110,fraud,,,,,,,,,,,,,,
4117 B4,ins fraud-false application,CC,crimes code,110,fraud,,,,,,,,,,,,,,
4118,washing vehicle title-false info ref milage,CC,crimes code,110,fraud,,,,,,,,,,,,,,
4119 A,trademark counterfeiting-general,CC,crimes code,100,forgery and counterfeiting,,,,,,,,,,,,,,
4120 A,identity theft,CC,crimes code,110,fraud,,,,,,,,,,,,,,
4301 A,bigamy -one's own knowledge,CC,crimes code,260,all other offenses (except traffic),,,,,,,,,,,,,,
4301 B,bigamy -other party's knowledge,CC,crimes code,260,all other offenses (except traffic),,,,,,,,,,,,,,
4302,incest,CC,crimes code,170,sex offenses (except 02 and 160),,,,,,,,,,,,,,
4303 A,concealing death of child,CC,crimes code,260,all other offenses (except traffic),,,,,,,,,,,,,,
4304 A,endangering welfare of children,CC,crimes code,200,offenses against family & children,,,,,,,,,,,,,,
4305,dealing in infant children,CC,crimes code,260,all other offenses (except traffic),,,,,,,,,,,,,,
4-491 1,liquor-sale of liquor,LL,liquor law,220,liquor law,,,,,,,,,,,,,,
4-491 10,liquor-fortifying/adulterating/contaminating liq,LL,liquor law,220,liquor law,,,,,,,,,,,,,,
4-491 11,liquor-importation of liquor,LL,liquor law,220,liquor law,,,,,,,,,,,,,,
4-491 12,liquor-delivery of liquor by certain licensees,LL,liquor law,220,liquor law,,,,,,,,,,,,,,
4-491 13,liquor-violation of rules/regulations,LL,liquor law,220,liquor law,,,,,,,,,,,,,,
4-491 14,liquor-offering commission or gift to board,LL,liquor law,220,liquor law,,,,,,,,,,,,,,
4-491 2,liquor-poss/trans of liquor or alcohol,LL,liquor law,220,liquor law,,,,,,,,,,,,,,
4-491 3,liquor-purchase of liquor or alcohol,LL,liquor law,220,liquor law,,,,,,,,,,,,,,
4-491 4,liquor-poss and use of decanters,LL,liquor law,220,liquor law,,,,,,,,,,,,,,
4-491 5,liquor-proper disposal of empty liquor containers,LL,liquor law,220,liquor law,,,,,,,,,,,,,,
4-491 6,liquor-sales by restaurant and hotel licensees,LL,liquor law,220,liquor law,,,,,,,,,,,,,,
4-491 7,liquor-sales by manufacturers/importers,LL,liquor law,220,liquor law,,,,,,,,,,,,,,
4-491 8,liquor-importation and sales of alcohol,LL,liquor law,220,liquor law,,,,,,,,,,,,,,
4-491 9,liquor-possession of alcohol,LL,liquor law,220,liquor law,,,,,,,,,,,,,,
4-492 1,malt/brew-maunufacturing w/o license,LL,liquor law,220,liquor law,,,,,,,,,,,,,,
4-492 10,malt/brew-importing/trans w/o tax stamp,LL,liquor law,220,liquor law,,,,,,,,,,,,,,
4-492 11,malt/brew-delivery with other commodities,LL,liquor law,220,liquor law,,,,,,,,,,,,,,
4-492 12,malt/brew-dist/importer engaging in other business,LL,liquor law,220,liquor law,,,,,,,,,,,,,,
4-492 13,malt/brew-poss/storage of liq/alc by certain lic,LL,liquor law,220,liquor law,,,,,,,,,,,,,,
4-492 14,malt/brew-licensees dealing in liq/alc,LL,liquor law,220,liquor law,,,,,,,,,,,,,,
4-492 15,malt/brew-sale to persons doing illegal business,LL,liquor law,220,liquor law,,,,,,,,,,,,,,
4-492 16,malt/brew-dist/importers failing to keep records,LL,liquor law,220,liquor law,,,,,,,,,,,,,,
4-492 17,malt/brew-fortifying/adulterating/contaminating,LL,liquor law,220,liquor law,,,,,,,,,,,,,,
4-492 18,malt/brew-coercing distributors/importers,LL,liquor law,220,liquor law,,,,,,,,,,,,,,
4-492 19,malt/brew-modify/terminate dist rights agreement,LL,liquor law,220,liquor law,,,,,,,,,,,,,,
4-492 2,malt/brew-sale for consumption on premises,LL,liquor law,220,liquor law,,,,,,,,,,,,,,
4-492 20,"malt/brew-interference w/transfer of lic, bus, fra",LL,liquor law,220,liquor law,,,,,,,,,,,,,,
4-492 21,malt/brew-induce/coerce dist/importers to accept,LL,liquor law,220,liquor law,,,,,,,,,,,,,,
4-492 3,malt/brew-sale not for consumption on premises,LL,liquor law,220,liquor law,,,,,,,,,,,,,,
4-492 4,malt/brew-activities on sunday,LL,liquor law,220,liquor law,,,,,,,,,,,,,,
4-492 5,malt/brew-sale by hotel/etc during prohibited hrs,LL,liquor law,220,liquor law,,,,,,,,,,,,,,
4-492 6,malt/brew-sale on election day,LL,liquor law,220,liquor law,,,,,,,,,,,,,,
4-492 7,malt/brew-clubs selling between 3 am and 7 am,LL,liquor law,220,liquor law,,,,,,,,,,,,,,
4-492 8,malt/brew-transportation,LL,liquor law,220,liquor law,,,,,,,,,,,,,,
4-492 9,malt/brew-transportation by licensee,LL,liquor law,220,liquor law,,,,,,,,,,,,,,
4-493 1,liq/malt/brew-furnishing to certain persons,LL,liquor law,220,liquor law,,,,,,,,,,,,,,
4-493 10,liq/malt/brew-entertainment on lic premises,LL,liquor law,220,liquor law,,,,,,,,,,,,,,
4-493 11,liq/malt/brew-licensees employed by others,LL,liquor law,220,liquor law,,,,,,,,,,,,,,
4-493 12,liq/malt/brew-failure to have records on premises,LL,liquor law,220,liquor law,,,,,,,,,,,,,,
4-493 13,liq/malt/brew-retail licensees employing minors,LL,liquor law,220,liquor law,,,,,,,,,,,,,,
4-493 14,liq/malt/brew-undesirables/minors freq premises,LL,liquor law,220,liquor law,,,,,,,,,,,,,,
4-493 15,liq/malt/brew-cashing payroll/unemp/relief checks,LL,liquor law,220,liquor law,,,,,,,,,,,,,,
4-493 16,liq/malt/brew-furnishing during unlawful hours,LL,liquor law,220,liquor law,,,,,,,,,,,,,,
4-493 17,liq/malt/brew-lic int/emp in manu/sale of equip,LL,liquor law,220,liquor law,,,,,,,,,,,,,,
4-493 2,liq/malt/brew-purchase on credit,LL,liquor law,220,liquor law,,,,,,,,,,,,,,
4-493 20.1,liq/malt/brew-manufacturer not to require ad,LL,liquor law,220,liquor law,,,,,,,,,,,,,,
4-493 20.2,liq/malt/brew-ad to be ordered/approved in advance,LL,liquor law,220,liquor law,,,,,,,,,,,,,,
4-493 20I,liq/malt/brew-licencee's inside advertisements,LL,liquor law,220,liquor law,,,,,,,,,,,,,,
4-493 20II,liq/malt/brew-cooperative advertising,LL,liquor law,220,liquor law,,,,,,,,,,,,,,
4-493 21,liq/malt/brew-refusing the right of inspection,LL,liquor law,220,liquor law,,,,,,,,,,,,,,
4-493 22,liq/malt/brew-allowance/rebate to induce purchase,LL,liquor law,220,liquor law,,,,,,,,,,,,,,
4-493 23,liq/malt/brew-money/valuables given to employes,LL,liquor law,220,liquor law,,,,,,,,,,,,,,
4-493 24,liq/malt/brew-valuables offered as inducement,LL,liquor law,220,liquor law,,,,,,,,,,,,,,
4-493 25,liq/malt/brew-employment in licensed places,LL,liquor law,220,liquor law,,,,,,,,,,,,,,
4-493 26,liq/malt/brew-worthless checks,LL,liquor law,220,liquor law,,,,,,,,,,,,,,
4-493 27,liq/malt/brew-dist/importers employing minors,LL,liquor law,220,liquor law,,,,,,,,,,,,,,
4-493 28,liq/malt/brew-consumption while tending bar,LL,liquor law,220,liquor law,,,,,,,,,,,,,,
4-493 3,"liq/malt/brew-exchange for merchandise, etc",LL,liquor law,220,liquor law,,,,,,,,,,,,,,
4-493 4,liq/malt/brew-peddling,LL,liquor law,220,liquor law,,,,,,,,,,,,,,
4-493 5,liq/malt/brew-failure to have brands advertised,LL,liquor law,220,liquor law,,,,,,,,,,,,,,
4-493 6,liq/malt/brew-brand/trade name on spigot,LL,liquor law,220,liquor law,,,,,,,,,,,,,,
4-493 7,liq/malt/brew-alcoholic strength on label,LL,liquor law,220,liquor law,,,,,,,,,,,,,,
4-493 8,liq/malt/brew-advertisements on labels g/content,LL,liquor law,220,liquor law,,,,,,,,,,,,,,
4-493 9,liq/malt/brew-retail lic furnishing free lunch,LL,liquor law,220,liquor law,,,,,,,,,,,,,,
4-498 B1,advertising-false/deceptive/misleading,LL,liquor law,220,liquor law,,,,,,,,,,,,,,
4-498 B2,advertising-disparaging statements,LL,liquor law,220,liquor law,,,,,,,,,,,,,,
4-498 B3,advertising-monetary comparison between brands,LL,liquor law,220,liquor law,,,,,,,,,,,,,,
4-498 C,advertising-ad price in effect,LL,liquor law,220,liquor law,,,,,,,,,,,,,,
4-498 D,advertising-price not to be displayed in window,LL,liquor law,220,liquor law,,,,,,,,,,,,,,
4-498 E1,advertising-entity responsible identified in ad,LL,liquor law,220,liquor law,,,,,,,,,,,,,,
4-498 E2,advertising-distribution of ad off premises,LL,liquor law,220,liquor law,,,,,,,,,,,,,,
4-498 E3,advertising-within 300 ft of church/school/etc,LL,liquor law,220,liquor law,,,,,,,,,,,,,,
4-498 E4,advertising-directed toward minors,LL,liquor law,220,liquor law,,,,,,,,,,,,,,
4-498 E5,advertising-publications of educational inst,LL,liquor law,220,liquor law,,,,,,,,,,,,,,
4-498 E6,advertising-obscene in nature,LL,liquor law,220,liquor law,,,,,,,,,,,,,,
4-498 F,advertising-spirit of safety/safe driving programs,LL,liquor law,220,liquor law,,,,,,,,,,,,,,
4-499 A,premises to be vacated by patrons,LL,liquor law,220,liquor law,,,,,,,,,,,,,,
4583.1 A1,agg jury tampering - threaten or employ force,JC,judicial code,04E,other assaults - not aggravated,,,,,,,,,,,,,,
4583.1 A2,agg jury tampering - offer pecuninary or other,JC,judicial code,260,all other offenses (except traffic),,,,,,,,,,,,,,
4583.1 A3,agg jury tampering - conspiracy to intimidate,JC,judicial code,260,all other offenses (except traffic),,,,,,,,,,,,,,
4583.1 A4,agg jury tampering - accepts/solicits to accept benefit,JC,judicial code,260,all other offenses (except traffic),,,,,,,,,,,,,,
4701 A1,bribery-pecuniary benefi,CC,crimes code,260,all other offenses (except traffic),,,,,,,,,,,,,,
4701 A2,"bribery-any benefit/vote, decision, recommendation",CC,crimes code,260,all other offenses (except traffic),,,,,,,,,,,,,,
4701 A3,bribery-any benefit/violation of known legal duty,CC,crimes code,260,all other offenses (except traffic),,,,,,,,,,,,,,
4702 A1,threats and other improper influence-harm any pers,CC,crimes code,260,all other offenses (except traffic),,,,,,,,,,,,,,
4702 A2,threats and other improper influence-pub servant,CC,crimes code,260,all other offenses (except traffic),,,,,,,,,,,,,,
4702 A3,threats and other improper influence- ps/party off,CC,crimes code,260,all other offenses (except traffic),,,,,,,,,,,,,,
4703,retaliation for past official action,CC,crimes code,260,all other offenses (except traffic),,,,,,,,,,,,,,
4902 A,perjury,CC,crimes code,260,all other offenses (except traffic),,,,,,,,,,,,,,
4903 A1,false swearing-offic proceeding,CC,crimes code,260,all other offenses (except traffic),,,,,,,,,,,,,,
4903 A2,false swearing-mislead public servant,CC,crimes code,260,all other offenses (except traffic),,,,,,,,,,,,,,
4903 B,false swearing-other,CC,crimes code,260,all other offenses (except traffic),,,,,,,,,,,,,,
4904 A1,unsworn falsification to auth-written statement,CC,crimes code,110,fraud,,,,,,,,,,,,,,
4904 A2,unsworn falsification to auth-forged/altered doc,CC,crimes code,110,fraud,,,,,,,,,,,,,,
4904 A3,unsworn falsification to auth-false sample/mark/ob,CC,crimes code,110,fraud,,,,,,,,,,,,,,
4904 B,unsworn falsification to auth-form bearing notice,CC,crimes code,110,fraud,,,,,,,,,,,,,,
4905,false alarm to agencies of public safety,CC,crimes code,240,disorderly conduct,,,,,,,,,,,,,,
4906 A,false reports to law enf auth-incrimination,CC,crimes code,260,all other offenses (except traffic),,,,,,,,,,,,,,
4906 B1,false reports to law enf auth-ficticious report,CC,crimes code,260,all other offenses (except traffic),,,,,,,,,,,,,,
4906 B2,false reports to law enf auth-pretend/have info,CC,crimes code,260,all other offenses (except traffic),,,,,,,,,,,,,,
4909,witness or informant taking bribe,CC,crimes code,260,all other offenses (except traffic),,,,,,,,,,,,,,
4910 1,tamper with or fabricate phys evid-alter/destroy,CC,crimes code,100,forgery and counterfeiting,,,,,,,,,,,,,,
4910 2,tamper with or fabricate phys evid-make/present,CC,crimes code,100,forgery and counterfeiting,,,,,,,,,,,,,,
4911 A1,tamper with public record/info-false entry/alter,CC,crimes code,100,forgery and counterfeiting,,,,,,,,,,,,,,
4911 A2,tamper with public record/info-make/present/use,CC,crimes code,100,forgery and counterfeiting,,,,,,,,,,,,,,
4911 A3,tamper with public record/info-destroy/remove,CC,crimes code,100,forgery and counterfeiting,,,,,,,,,,,,,,
4912,impersonating a public servant,CC,crimes code,110,fraud,,,,,,,,,,,,,,
4913,impersonating a notary public,CC,crimes code,110,fraud,,,,,,,,,,,,,,
4952 A1,intim wit/victm-refrain from reporting,CC,crimes code,04E,other assaults - not aggravated,,,,,,,,,,,,,,
4952 A2,intim wit/victm-give false/misleading info,CC,crimes code,04E,other assaults - not aggravated,,,,,,,,,,,,,,
4952 A3,intim wit/victm-withold information,CC,crimes code,04E,other assaults - not aggravated,,,,,,,,,,,,,,
4952 A4,intim wit/victim-give false/misleading info,CC,crimes code,04E,other assaults - not aggravated,,,,,,,,,,,,,,
4952 A5,intim wit/victim-elude/evade/ignore req/summons,CC,crimes code,04E,other assaults - not aggravated,,,,,,,,,,,,,,
4952 A6,intim wit/victim-absent from legal proceeding,CC,crimes code,04E,other assaults - not aggravated,,,,,,,,,,,,,,
4953 A,retaliation against wit/victim,CC,crimes code,260,all other offenses (except traffic),,,,,,,,,,,,,,
4953.1,retaliation against prosecutor/judicial official,CC,crimes code,260,all other offenses (except traffic),,,,,,,,,,,,,,
4957 A,protection of employment of crime vict/wit,CC,crimes code,260,all other offenses (except traffic),,,,,,,,,,,,,,
5101,obstruct admin law/other govt function,CC,crimes code,260,all other offenses (except traffic),,,,,,,,,,,,,,
5102 A,obstruct/impede admin justice by picketing,CC,crimes code,260,all other offenses (except traffic),,,,,,,,,,,,,,
5103,unlaw listening deliberations of jury,CC,crimes code,260,all other offenses (except traffic),,,,,,,,,,,,,,
5104,resist arrest or other law enforcement,CC,crimes code,04E,other assaults - not aggravated,,,,,,,,,,,,,,
5105 A1,hinder app/prosec-habor or conceal,CC,crimes code,260,all other offenses (except traffic),,,,,,,,,,,,,,
5105 A2,hinder app/prosec-provide aid,CC,crimes code,260,all other offenses (except traffic),,,,,,,,,,,,,,
5105 A3,hinder app/prosec-conceal/destroy evid,CC,crimes code,260,all other offenses (except traffic),,,,,,,,,,,,,,
5105 A4,hinder app/prosec-warn of discovery,CC,crimes code,260,all other offenses (except traffic),,,,,,,,,,,,,,
5105 A5,hinder app/prosec-provide false info,CC,crimes code,260,all other offenses (except traffic),,,,,,,,,,,,,,
5106 A1,fail to rep inj by firearm or crim act-deadly weap,CC,crimes code,260,all other offenses (except traffic),,,,,,,,,,,,,,
5106 A2,fail to rep inj by firearm or crim act-penal law,CC,crimes code,260,all other offenses (except traffic),,,,,,,,,,,,,,
5107 A,aiding consummation of crime,CC,crimes code,*,code as substantive offense (except murder),,,,,,,,,,,,,,
5108 A,compounding,CC,crimes code,260,all other offenses (except traffic),,,,,,,,,,,,,,
5109,barratry -vex w/unjust vexatious suit,CC,crimes code,260,all other offenses (except traffic),,,,,,,,,,,,,,
5110,contempt of general assembly,CC,crimes code,260,all other offenses (except traffic),,,,,,,,,,,,,,
5111 A1,deal in proceeds of unlawful act-promote,CC,crimes code,130,"stolen prop., rec., posses., buying",260,all other offenses (except traffic),,,,,,,,,,,,
5111 A2I,deal in proceeds of unlawful act-conceal,CC,crimes code,130,"stolen prop., rec., posses., buying",260,all other offenses (except traffic),,,,,,,,,,,,
5111 A2II,deal in proceeds of unlawful act-avoid reporting,CC,crimes code,130,"stolen prop., rec., posses., buying",260,all other offenses (except traffic),,,,,,,,,,,,
5112 A,obstructing emergency services,CC,crimes code,260,all other offenses (except traffic),,,,,,,,,,,,,,
5121 A,escape-general,CC,crimes code,260,all other offenses (except traffic),,,,,,,,,,,,,,
5121 B,escape-permit/facilitate,CC,crimes code,260,all other offenses (except traffic),,,,,,,,,,,,,,
5122 A1,weapons or implements for escape-provide tool/weap,CC,crimes code,260,all other offenses (except traffic),,,,,,,,,,,,,,
5122 A2,weapons or implements for escape-inmate make/proc,CC,crimes code,260,all other offenses (except traffic),,,,,,,,,,,,,,
5123 A,contraband-sell/furn controlled sub to inmate,CC,crimes code,260,all other offenses (except traffic),,,,,,,,,,,,,,
5123 A.2,contraband-poss of controlled sub by inmate,CC,crimes code,18E,drug possession - opium - cocaine,18f,drug possession - marijuana,18g,drug possession - synthetic,18h,drug possession - other,,,,,,,,
5123 B,contraband-provide money to inmate,CC,crimes code,260,all other offenses (except traffic),,,,,,,,,,,,,,
5123 C,contraband-provide other to inmate,CC,crimes code,260,all other offenses (except traffic),,,,,,,,,,,,,,
5124 A,default in required appearance,CC,crimes code,260,all other offenses (except traffic),,,,,,,,,,,,,,
5125,absconding witness-conceals or absconds,CC,crimes code,260,all other offenses (except traffic),,,,,,,,,,,,,,
5126 A,flight to avoid apprehension/trial/punishment,CC,crimes code,260,all other offenses (except traffic),,,,,,,,,,,,,,
5301 1,official oppression-arrest/search/etc,CC,crimes code,260,all other offenses (except traffic),,,,,,,,,,,,,,
5301 2,official oppression-deny right/privilege/etc,CC,crimes code,260,all other offenses (except traffic),,,,,,,,,,,,,,
5302 1,speculating/wagering on off act/info-acq pec int,CC,crimes code,260,all other offenses (except traffic),,,,,,,,,,,,,,
5302 2,speculating/wagering on off act/info-act on info,CC,crimes code,260,all other offenses (except traffic),,,,,,,,,,,,,,
5302 3,speculating/wagering on off act/info-aids another,CC,crimes code,260,all other offenses (except traffic),,,,,,,,,,,,,,
5501 1,riot-intent to commit felony,CC,crimes code,260,all other offenses (except traffic),,,,,,,,,,,,,,
5501 2,riot-intent to prevent/coerce off act,CC,crimes code,260,all other offenses (except traffic),,,,,,,,,,,,,,
5501 3,riot-plan/use firearm/eadly weapon,CC,crimes code,260,all other offenses (except traffic),,,,,,,,,,,,,,
5502,failure of disordlery pers to disperse upon order,CC,crimes code,240,disorderly conduct,,,,,,,,,,,,,,
5503 A1,disorderly conduct-fighting/threatening viol beh,CC,crimes code,240,disorderly conduct,,,,,,,,,,,,,,
5503 A2,disorderly conduct-unreasonable noise,CC,crimes code,240,disorderly conduct,,,,,,,,,,,,,,
5503 A3,disorderly conduct-obscene language/gesture,CC,crimes code,240,disorderly conduct,,,,,,,,,,,,,,
5503 A4,disorderly conduct-hazardous/phys offensive condit,CC,crimes code,240,disorderly conduct,,,,,,,,,,,,,,
5504 A.11,har and stalk by comm or add-fear of bodily inj,CC,crimes code,04E,other assaults - not aggravated,,,,,,,,,,,,,,
5504 A.12,har and stalk by comm or add-emotional distress,CC,crimes code,240,disorderly conduct,,,,,,,,,,,,,,
5504 A1,har and stalk by comm or add- lewd/obscene/threat,CC,crimes code,240,disorderly conduct,,,,,,,,,,,,,,
5504 A2,har and stalk by comm or add-anonomous,CC,crimes code,240,disorderly conduct,,,,,,,,,,,,,,
5504 A3,har and stalk by comm or add-inconvenient hrs,CC,crimes code,240,disorderly conduct,,,,,,,,,,,,,,
5504 A4,har and stalk by comm or add-any other,CC,crimes code,240,disorderly conduct,,,,,,,,,,,,,,
5505,public drunreness,CC,crimes code,230,drunkenness,,,,,,,,,,,,,,
5506,loitering and prowling at night time,CC,crimes code,260,all other offenses (except traffic),,,,,,,,,,,,,,
5507 A,obstructing highways and other public passages,CC,crimes code,240,disorderly conduct,,,,,,,,,,,,,,
5507 B1I,obstructing highway -ref to move/obstruct highway,CC,crimes code,240,disorderly conduct,,,,,,,,,,,,,,
5507 B1II,obstructing highway -ref to move/maintain pub safe,CC,crimes code,240,disorderly conduct,,,,,,,,,,,,,,
5508,disrupting meetings and processions,CC,crimes code,240,disorderly conduct,,,,,,,,,,,,,,
5509 A,desecration of venerated objects,CC,crimes code,140,vandalism,,,,,,,,,,,,,,
5510,abuse of corpse,CC,crimes code,260,all other offenses (except traffic),,,,,,,,,,,,,,
5511 A1I,cr anim-kill/maim domestic of another,CC,crimes code,260,all other offenses (except traffic),,,,,,,,,,,,,,
5511 A1II,cr anim-poison domestic of another,CC,crimes code,260,all other offenses (except traffic),,,,,,,,,,,,,,
5511 A1III,cr anim-har/annoy/inj guide dog,CC,crimes code,260,all other offenses (except traffic),,,,,,,,,,,,,,
5511 A2.1IA,cr anim-kill/maim/mutilate dog or cat,CC,crimes code,260,all other offenses (except traffic),,,,,,,,,,,,,,
5511 A2.1IB,cr anim-poison dog or cat,CC,crimes code,260,all other offenses (except traffic),,,,,,,,,,,,,,
5511 A2I,cr anim-kill/maim/disfigure zoo animal,CC,crimes code,260,all other offenses (except traffic),,,,,,,,,,,,,,
5511 A2II,cr anim-poison zoo animal,CC,crimes code,260,all other offenses (except traffic),,,,,,,,,,,,,,
5511 B,cr anim-vio reg concerning fowl/rabbit,CC,crimes code,260,all other offenses (except traffic),,,,,,,,,,,,,,
5511 C,cr anim-endangerment/abandonment,CC,crimes code,260,all other offenses (except traffic),,,,,,,,,,,,,,
5511 D,cr anim-sell/use disabled horse,CC,crimes code,260,all other offenses (except traffic),,,,,,,,,,,,,,
5511 E,cr anim-transport in cruel manner,CC,crimes code,260,all other offenses (except traffic),,,,,,,,,,,,,,
5511 E.1,cr anim - transport equine animals in cruel manner,CC,crimes code,260,all other offenses (except traffic),,,,,,,,,,,,,,
5511 F,cr anim-excess hours of labor,CC,crimes code,260,all other offenses (except traffic),,,,,,,,,,,,,,
5511 G,cr anim-enhance appearance of udder,CC,crimes code,260,all other offenses (except traffic),,,,,,,,,,,,,,
5511 H,cr anim-cropping dog's ears,CC,crimes code,260,all other offenses (except traffic),,,,,,,,,,,,,,
5511 H.11,cr anim-animal fighting/cause or permit,CC,crimes code,260,all other offenses (except traffic),,,,,,,,,,,,,,
5511 H.12,cr anim-animal fighting/comp for admission,CC,crimes code,260,all other offenses (except traffic),,,,,,,,,,,,,,
5511 H.13,"cr anim-animal fighting/own,possess,keep,train",CC,crimes code,260,all other offenses (except traffic),,,,,,,,,,,,,,
5511 H.14,"cr anim-animal fighting/encourage,aid,assist",CC,crimes code,260,all other offenses (except traffic),,,,,,,,,,,,,,
5511 H.15,cr anim-animal fighting/wager,CC,crimes code,260,all other offenses (except traffic),,,,,,,,,,,,,,
5511 H.16,"cr anim-animal fighting/pay for admission,attend",CC,crimes code,260,all other offenses (except traffic),,,,,,,,,,,,,,
5511 H.17,cr anim-animal fighting/permit place to be used,CC,crimes code,260,all other offenses (except traffic),,,,,,,,,,,,,,
5511 K,cr anim-kill/shoot/maim/entrap homing pigeons,CC,crimes code,260,all other offenses (except traffic),,,,,,,,,,,,,,
5511 N,cr anim-skin/sell/buy pelts of cats or dogs,CC,crimes code,260,all other offenses (except traffic),,,,,,,,,,,,,,
5511.1 A,live animals a prizes prohibited,CC,crimes code,19C,gambling - other,,,,,,,,,,,,,,
5511.2 A,police animals-taunt/torment/strike,CC,crimes code,260,all other offenses (except traffic),,,,,,,,,,,,,,
5511.2 B,police animals-torture/injure/poison/kill,CC,crimes code,260,all other offenses (except traffic),,,,,,,,,,,,,,
5511.3 A,assault w/biological agent on animals/fowl/honey,CC,crimes code,140,vandalism,,,,,,,,,,,,,,
5512 B1,"lotteries, etc-set up lottery/numbers game",CC,crimes code,19B,"gambling - numbers, etc.",,,,,,,,,,,,,,
5512 B2,"lotteries, etc-man/print/sell unlawful lott/numb",CC,crimes code,19B,"gambling - numbers, etc.",,,,,,,,,,,,,,
5512 B3,"lotteries, etc-pub ad of any lottery/numbers game",CC,crimes code,19B,"gambling - numbers, etc.",,,,,,,,,,,,,,
5513 A1,"gambling devices, gambling etc-general",CC,crimes code,19C,gambling - other,,,,,,,,,,,,,,
5513 A2,"gambling devices, gambling etc-allow gambling",CC,crimes code,19C,gambling - other,,,,,,,,,,,,,,
5513 A3,"gambling devices, gambling etc-solicit/invite",CC,crimes code,19C,gambling - other,,,,,,,,,,,,,,
5513 A4,"gambling devices, gambling etc-permit",CC,crimes code,19C,gambling - other,,,,,,,,,,,,,,
5513 D3,"gambling devices, gambling etc-vessel/records",CC,crimes code,19C,gambling - other,,,,,,,,,,,,,,
5513 D5,"gambling devices, gambling etc-vessel/inventory",CC,crimes code,19C,gambling - other,,,,,,,,,,,,,,
5513 D6,"gambling devices, gambling etc-vessel/deliv doc",CC,crimes code,19C,gambling - other,,,,,,,,,,,,,,
5513 D7,"gambling devices, gambling etc-vessel/sell doc",CC,crimes code,19C,gambling - other,,,,,,,,,,,,,,
5514 1,pool selling and bookmaking-engages in,CC,crimes code,19A,gambling - book making,,,,,,,,,,,,,,
5514 2,pool selling and bookmaking-occupies for purpose,CC,crimes code,19A,gambling - book making,,,,,,,,,,,,,,
5514 3,pool selling and bookmaking-receive bets or wagers,CC,crimes code,19A,gambling - book making,,,,,,,,,,,,,,
5514 4,pool selling and bookmaking-custodian/depository,CC,crimes code,19A,gambling - book making,,,,,,,,,,,,,,
5514 5,pool selling and bookmaking-permit use of premises,CC,crimes code,19A,gambling - book making,,,,,,,,,,,,,,
5515 B1,prohibiting paramilitary training-teach/demo,CC,crimes code,260,all other offenses (except traffic),,,,,,,,,,,,,,
5515 B2,prohibiting paramilitary training-participating,CC,crimes code,260,all other offenses (except traffic),,,,,,,,,,,,,,
5516 A1,facsimile bombs-terrify/intimidate/threaten,CC,crimes code,04E,other assaults - not aggravated,,,,,,,,,,,,,,
5516 A2I,facsimile bombs-cause reaction of fire/ems,CC,crimes code,240,disorderly conduct,,,,,,,,,,,,,,
5516 A2II,facsimile bombs-cause reaction of law enf,CC,crimes code,240,disorderly conduct,,,,,,,,,,,,,,
5517 A,unauthorized school bus entry,CC,crimes code,260,all other offenses (except traffic),,,,,,,,,,,,,,
5703 1,wiretapping-intercept wire/electronic/oral comm,CC,crimes code,260,all other offenses (except traffic),,,,,,,,,,,,,,
5703 2,wiretapping-disclose wire/electronic/oral comm,CC,crimes code,260,all other offenses (except traffic),,,,,,,,,,,,,,
5703 3,wiretapping-use wire/electronic/oral comm,CC,crimes code,260,all other offenses (except traffic),,,,,,,,,,,,,,
5705 1,wiretapping-possess device,CC,crimes code,260,all other offenses (except traffic),,,,,,,,,,,,,,
5705 2,wiretapping-sell/tranfer/distribute device,CC,crimes code,260,all other offenses (except traffic),,,,,,,,,,,,,,
5705 3,wiretapping-manufacture/assemble device,CC,crimes code,260,all other offenses (except traffic),,,,,,,,,,,,,,
5705 4,wiretapping-advertise device,CC,crimes code,260,all other offenses (except traffic),,,,,,,,,,,,,,
5719,wiretapping-unlawful use/disclosure of order,CC,crimes code,260,all other offenses (except traffic),,,,,,,,,,,,,,
5741 A1,wiretapping-unlawful access to stored comm,CC,crimes code,260,all other offenses (except traffic),,,,,,,,,,,,,,
5741 A2,wiretapping-exceed auth to access stored comm,CC,crimes code,260,all other offenses (except traffic),,,,,,,,,,,,,,
5771 A,wiretapping-prohibited use of certain devices,CC,crimes code,260,all other offenses (except traffic),,,,,,,,,,,,,,
5901,open lewdness,CC,crimes code,170,sex offenses (except 02 and 160),,,,,,,,,,,,,,
5902 A1,prostitution-inmate house of prost,CC,crimes code,160,prostitution and commercialized vice,,,,,,,,,,,,,,
5902 A2,prostitution-loiter w/in pub view for pur of prost,CC,crimes code,160,prostitution and commercialized vice,,,,,,,,,,,,,,
5902 B1,prostitution-promoting by owning/controlling/manag,CC,crimes code,160,prostitution and commercialized vice,,,,,,,,,,,,,,
5902 B2,prostitution-promoting by proc inmate,CC,crimes code,160,prostitution and commercialized vice,,,,,,,,,,,,,,
5902 B3,prostitution-promoting by encouraging/inducing etc,CC,crimes code,160,prostitution and commercialized vice,,,,,,,,,,,,,,
5902 B4,prostitution-promoting by soliciting,CC,crimes code,160,prostitution and commercialized vice,,,,,,,,,,,,,,
5902 B5,prostitution-promoting by procuring,CC,crimes code,160,prostitution and commercialized vice,,,,,,,,,,,,,,
5902 B6,prostitution-promoting by transporting,CC,crimes code,160,prostitution and commercialized vice,,,,,,,,,,,,,,
5902 B7,prostitution-promoting by leasing/permitting-place,CC,crimes code,160,prostitution and commercialized vice,,,,,,,,,,,,,,
5902 B8,prostitution-promoting by soliciting/receiving ben,CC,crimes code,160,prostitution and commercialized vice,,,,,,,,,,,,,,
5902 E1,prostitution-patronizing prostitute,CC,crimes code,160,prostitution and commercialized vice,,,,,,,,,,,,,,
5902 E2,prostitution-patronizing prostitute/2nd and subseq,CC,crimes code,160,prostitution and commercialized vice,,,,,,,,,,,,,,
5903 A.1,obscene/sexual mat/perf-via electronic comm,CC,crimes code,260,all other offenses (except traffic),,,,,,,,,,,,,,
5903 A1,obscene/sexual mat/perf-public display,CC,crimes code,260,all other offenses (except traffic),,,,,,,,,,,,,,
5903 A2,obscene/sexual mat/perf-sell/lend/exhib/trans,CC,crimes code,260,all other offenses (except traffic),,,,,,,,,,,,,,
5903 A3,obscene/sexual mat/perf-design/copy/draw,CC,crimes code,260,all other offenses (except traffic),,,,,,,,,,,,,,
5903 A4,obscene/sexual mat/perf-write/print/pub,CC,crimes code,260,all other offenses (except traffic),,,,,,,,,,,,,,
5903 A5,obscene/sexual mat/perf-produce/participate perf,CC,crimes code,260,all other offenses (except traffic),,,,,,,,,,,,,,
5903 A6,obscene/sexual mat/perf-hire/use minor to assist,CC,crimes code,260,all other offenses (except traffic),,,,,,,,,,,,,,
5903 A7,obscene/sexual mat/perf-take into prison,CC,crimes code,260,all other offenses (except traffic),,,,,,,,,,,,,,
5903 A8,obscene/sexual mat/perf-possess in prison,CC,crimes code,260,all other offenses (except traffic),,,,,,,,,,,,,,
5903 A9,obscene/sexual mat/perf-permit entry/prison,CC,crimes code,260,all other offenses (except traffic),,,,,,,,,,,,,,
5903 C,obscene/sexual mat/perf-diss expl sex mat to minor,CC,crimes code,260,all other offenses (except traffic),,,,,,,,,,,,,,
5903 D,obscene/sexual mat/perf-admitting minor to show,CC,crimes code,260,all other offenses (except traffic),,,,,,,,,,,,,,
5903 F,obscene/sexual mat/perf-req sale as cond of bus,CC,crimes code,260,all other offenses (except traffic),,,,,,,,,,,,,,
5903 L,obscene/sexual mat/perf-false return address,CC,crimes code,260,all other offenses (except traffic),,,,,,,,,,,,,,
5904,public exhibition of insane/deformed person,CC,crimes code,260,all other offenses (except traffic),,,,,,,,,,,,,,
6105 A1,firearms act-convict/oth pers not to poss firearm,CC,crimes code,150,"weapons, carrying, posses, etc.",,,,,,,,,,,,,,
6106 A1,firearms act-carry firearm w/o license,CC,crimes code,150,"weapons, carrying, posses, etc.",,,,,,,,,,,,,,
6106 A2,"firearms act-carry firearm w/o lic,otherwise elig",CC,crimes code,150,"weapons, carrying, posses, etc.",,,,,,,,,,,,,,
6106.1 A,firearms act-carry loaded weap other than firearm,CC,crimes code,150,"weapons, carrying, posses, etc.",,,,,,,,,,,,,,
6107,firearms act-carry firearm during emergncy,CC,crimes code,150,"weapons, carrying, posses, etc.",,,,,,,,,,,,,,
6108,firearms act-carry firearms in public/phila,CC,crimes code,150,"weapons, carrying, posses, etc.",,,,,,,,,,,,,,
6109 I,firearms act-surrender of lic upon revocation,CC,crimes code,150,"weapons, carrying, posses, etc.",,,,,,,,,,,,,,
6110.1 A,firearms act-poss/trans under 18,CC,crimes code,150,"weapons, carrying, posses, etc.",,,,,,,,,,,,,,
6110.1 C,firearms act-delivery of firearm to minor,CC,crimes code,150,"weapons, carrying, posses, etc.",,,,,,,,,,,,,,
6110.2 A,firearms act-poss of firearm w/altered sn,CC,crimes code,150,"weapons, carrying, posses, etc.",,,,,,,,,,,,,,
6111 A1,"firearms act-sale/trans, delivery/48 hr per/ wrap",CC,crimes code,150,"weapons, carrying, posses, etc.",,,,,,,,,,,,,,
6111 A2,"firearms act-sale/trans, delivery/pics check/wrap",CC,crimes code,150,"weapons, carrying, posses, etc.",,,,,,,,,,,,,,
6111 B,"firearms act-sale/transfer, duty of seller",CC,crimes code,150,"weapons, carrying, posses, etc.",,,,,,,,,,,,,,
6111 C,"firearms act-sale/transfer, duty of others",CC,crimes code,150,"weapons, carrying, posses, etc.",,,,,,,,,,,,,,
6111 G4,"firearms act-sale/transfer, false info",CC,crimes code,150,"weapons, carrying, posses, etc.",,,,,,,,,,,,,,
6112,firearms act-license req for retail dealer,CC,crimes code,150,"weapons, carrying, posses, etc.",,,,,,,,,,,,,,
6113 A,pfa-arrest for violation of order,DR,domestic relations law,260,all other offenses (except traffic),,,,,,,,,,,,,,
6113 A1,firearms act-lic of dlr/business only where stated,CC,crimes code,150,"weapons, carrying, posses, etc.",,,,,,,,,,,,,,
6113 A2,firearms act-lic of dlr/display of lic,CC,crimes code,150,"weapons, carrying, posses, etc.",,,,,,,,,,,,,,
6113 A3,firearms act-lic of dlr/sell firearm in violation,CC,crimes code,150,"weapons, carrying, posses, etc.",,,,,,,,,,,,,,
6113 A4,firearms act-lic of dlr/est id of purchaser,CC,crimes code,150,"weapons, carrying, posses, etc.",,,,,,,,,,,,,,
6113 A5,"firearms act-lic of dlr/maintain records, 20 yrs",CC,crimes code,150,"weapons, carrying, posses, etc.",,,,,,,,,,,,,,
6113 A6,firearms act-lic of dlr/display firearm/pub view,CC,crimes code,150,"weapons, carrying, posses, etc.",,,,,,,,,,,,,,
6113 A7,firearms act-lic of dlr/possess revenue lic,CC,crimes code,150,"weapons, carrying, posses, etc.",,,,,,,,,,,,,,
6114 A,pfa-contempt for violation of order,DR,domestic relations law,260,all other offenses (except traffic),,,,,,,,,,,,,,
6115 A,firearms act-loans on/lending/giving firearm,CC,crimes code,150,"weapons, carrying, posses, etc.",,,,,,,,,,,,,,
6116,firearms act-false evid of id,CC,crimes code,150,"weapons, carrying, posses, etc.",,,,,,,,,,,,,,
6117 A,firearms act-alter/obliterate markings of id,CC,crimes code,150,"weapons, carrying, posses, etc.",,,,,,,,,,,,,,
6121 A,firearms act-use/posses prohibited bullets,CC,crimes code,260,all other offenses (except traffic),,,,,,,,,,,,,,
6122 A,firearms act-proof of license req upon demand,CC,crimes code,150,"weapons, carrying, posses, etc.",,,,,,,,,,,,,,
6142 A,firearms act-locking device required,CC,crimes code,150,"weapons, carrying, posses, etc.",,,,,,,,,,,,,,
6161 A,firearms act-carrying explosives on conveyances,CC,crimes code,260,all other offenses (except traffic),,,,,,,,,,,,,,
6162 A,firearms act-shipping explosives,CC,crimes code,260,all other offenses (except traffic),,,,,,,,,,,,,,
6301 A1,corruption of minors-general,CC,crimes code,260,all other offenses (except traffic),,,,,,,,,,,,,,
6301 A2,corruption of minors-commit truancy,CC,crimes code,260,all other offenses (except traffic),,,,,,,,,,,,,,
6302 A,sale/lease of weapons/explosives-minor prohibited,CC,crimes code,150,"weapons, carrying, posses, etc.",,,,,,,,,,,,,,
6303 A,sale of starter pistol-minor prohibited,CC,crimes code,260,all other offenses (except traffic),,,,,,,,,,,,,,
6304 A1,sale/use air rifles-dealer sell/rent/lend under 18,CC,crimes code,260,all other offenses (except traffic),,,,,,,,,,,,,,
6304 A2,sale/use air rifles-person sell/give/lend under 18,CC,crimes code,260,all other offenses (except traffic),,,,,,,,,,,,,,
6304 B1,sale/use air rifles-under 18/carrying,CC,crimes code,260,all other offenses (except traffic),,,,,,,,,,,,,,
6304 B2,sale/use air rifles-unlawful discharge,CC,crimes code,260,all other offenses (except traffic),,,,,,,,,,,,,,
6305 A1,sale of tobacco-sell to minor,CC,crimes code,260,all other offenses (except traffic),,,,,,,,,,,,,,
6305 A2,sale of tobacco-furnishes to minor,CC,crimes code,260,all other offenses (except traffic),,,,,,,,,,,,,,
6305 A3,sale of tobacco-false representation of age,CC,crimes code,260,all other offenses (except traffic),,,,,,,,,,,,,,
6306 A,furnishing cigarettes/papers-minor unlawful,CC,crimes code,260,all other offenses (except traffic),,,,,,,,,,,,,,
6306.1 A,use of tobacco in schools-pupil,CC,crimes code,260,all other offenses (except traffic),,,,,,,,,,,,,,
6307 A,misrepresentation of age to secure liquor/malt bev,CC,crimes code,220,liquor law,,,,,,,,,,,,,,
6308 A,purchase/cons/poss/trans of liquor/malt/brewed bev,CC,crimes code,220,liquor law,,,,,,,,,,,,,,
6309 A,representing that minor is of age,CC,crimes code,220,liquor law,,,,,,,,,,,,,,
6310 A,inducement of minor to buy liquor/malt/brewed bev,CC,crimes code,220,liquor law,,,,,,,,,,,,,,
6310.1 A,sell/furnish liquor/malt/brewed bev to minor,CC,crimes code,220,liquor law,,,,,,,,,,,,,,
6310.2 A,manufacture/sell false id,CC,crimes code,100,forgery and counterfeiting,,,,,,,,,,,,,,
6310.3 A,carrying false id card-minor,CC,crimes code,100,forgery and counterfeiting,,,,,,,,,,,,,,
6310.7 A,selling/furnishing nonalcoholic bev-minors,CC,crimes code,220,liquor law,,,,,,,,,,,,,,
6311,tattooing-minor,CC,crimes code,260,all other offenses (except traffic),,,,,,,,,,,,,,
6312 B,sex ab of child-permit or film/etc child sex act,CC,crimes code,170,sex offenses (except 02 and 160),,,,,,,,,,,,,,
6312 C,sex ab of child-dissemination of child sex act mat,CC,crimes code,170,sex offenses (except 02 and 160),,,,,,,,,,,,,,
6312 D,sex ab of child-possession of child pornography,CC,crimes code,170,sex offenses (except 02 and 160),,,,,,,,,,,,,,
6315 A,selling/furnishing butane to minors,CC,crimes code,260,all other offenses (except traffic),,,,,,,,,,,,,,
6316 A,selling/furnishing certain stimulants to minors,CC,crimes code,18D,drug sale/mfg - other,,,,,,,,,,,,,,
6318 A1,unlawful contact/comm with minor-ch 31/sex off,CC,crimes code,260,all other offenses (except traffic),,,,,,,,,,,,,,
6318 A2,"unlawful contact/comm with minor-sec 5901, op lewd",CC,crimes code,260,all other offenses (except traffic),,,,,,,,,,,,,,
6318 A3,"unlawful contact/comm with minor-sec 5902, prost",CC,crimes code,260,all other offenses (except traffic),,,,,,,,,,,,,,
6318 A4,"unlawful contact/comm with minor-sec 5903, obs mat",CC,crimes code,260,all other offenses (except traffic),,,,,,,,,,,,,,
6318 A5,"unlawful contact/comm with minor-sec 6312, sex ab",CC,crimes code,260,all other offenses (except traffic),,,,,,,,,,,,,,
6319 A,solicitation of minor to traffic drugs,CC,crimes code,18A,drug sale/mfg - opium - cocaine,18b,drug sale/mfg - marijuana,18c,drug sale/mfg - synthetic,18d,drug sale/mfg - other,,,,,,,,
6320 A,sexual exploitation of children-procure child,CC,crimes code,170,sex offenses (except 02 and 160),,,,,,,,,,,,,,
6501 A1,scattering rubbish-deposit waste,CC,crimes code,260,all other offenses (except traffic),,,,,,,,,,,,,,
6501 A2,scattering rubbish-interfere/disturb receptacle,CC,crimes code,260,all other offenses (except traffic),,,,,,,,,,,,,,
6501 A3,scattering rubbish-deposit from veh/business,CC,crimes code,260,all other offenses (except traffic),,,,,,,,,,,,,,
6502 A,refrigerators and iceboxes-discard/removal of door,CC,crimes code,260,all other offenses (except traffic),,,,,,,,,,,,,,
6503 A,posting ads on property of another,CC,crimes code,260,all other offenses (except traffic),,,,,,,,,,,,,,
6504,public nuisance,CC,crimes code,260,all other offenses (except traffic),,,,,,,,,,,,,,
6505,discarding tv sets/tubes-neutralization of tube,CC,crimes code,260,all other offenses (except traffic),,,,,,,,,,,,,,
6701 1,"wearing uniform/insignia-w/o auth, prof/aid/solic",CC,crimes code,110,fraud,,,,,,,,,,,,,,
6701 2,wearing uniform/insignia-hon disch button,CC,crimes code,110,fraud,,,,,,,,,,,,,,
6702,sale of veterans' flowers,CC,crimes code,110,fraud,,,,,,,,,,,,,,
6703,dealing in military decorations,CC,crimes code,260,all other offenses (except traffic),,,,,,,,,,,,,,
6704 1,fraud on assn having grand lodge-use name/title,CC,crimes code,110,fraud,,,,,,,,,,,,,,
6704 2,fraud on assn having grand lodge-imitate name/titl,CC,crimes code,110,fraud,,,,,,,,,,,,,,
6704 3,fraud on assn having grand lodge-wear/use insignia,CC,crimes code,110,fraud,,,,,,,,,,,,,,
6704 4,fraud on assn having grand lodge-pub mat solic app,CC,crimes code,110,fraud,,,,,,,,,,,,,,
6704 5,fraud on assn having grand lodge-sell/give secrets,CC,crimes code,110,fraud,,,,,,,,,,,,,,
6707,false registration of domestic animals,CC,crimes code,110,fraud,,,,,,,,,,,,,,
6708 A,retention of library prop after notice to return,CC,crimes code,110,fraud,,,,,,,,,,,,,,
6709 1,use of union labels-use union label,CC,crimes code,110,fraud,,,,,,,,,,,,,,
6709 2,use of union labels-use union label on goods,CC,crimes code,110,fraud,,,,,,,,,,,,,,
6709 3,use of union labels-sell/etc goods w/union label,CC,crimes code,110,fraud,,,,,,,,,,,,,,
6710,unauthorized use of registered insignia,CC,crimes code,110,fraud,,,,,,,,,,,,,,
6711 A,retention of mil prop after notice to return,CC,crimes code,110,fraud,,,,,,,,,,,,,,
6712 B1,prohibited use of containers-use,CC,crimes code,260,all other offenses (except traffic),,,,,,,,,,,,,,
6712 B2,prohibited use of containers-sell,CC,crimes code,260,all other offenses (except traffic),,,,,,,,,,,,,,
6712 B3,prohibited use of containers-deface/destroy mark,CC,crimes code,260,all other offenses (except traffic),,,,,,,,,,,,,,
6712 D,transportation of marked cont w/o bill of laiding,CC,crimes code,260,all other offenses (except traffic),,,,,,,,,,,,,,
6712 E1,unlaw removal of containers-marked,CC,crimes code,260,all other offenses (except traffic),,,,,,,,,,,,,,
6712 E2,unlaw removal of containers-notice,CC,crimes code,260,all other offenses (except traffic),,,,,,,,,,,,,,
6712 F1,illegal use shopping/laundry cartrem w/intent,CC,crimes code,260,all other offenses (except traffic),,,,,,,,,,,,,,
6712 F2,illegal use shopping/laundry cart-remove w/o auth,CC,crimes code,260,all other offenses (except traffic),,,,,,,,,,,,,,
6712 F3,illegal use shopping/laundry cart-posession,CC,crimes code,260,all other offenses (except traffic),,,,,,,,,,,,,,
6712 F4,illegal use shopping/laundry cart-remove/alter mar,CC,crimes code,260,all other offenses (except traffic),,,,,,,,,,,,,,
6901,extension of water line,CC,crimes code,260,all other offenses (except traffic),,,,,,,,,,,,,,
6902 A,willful obstruction of emergencytelephone calls,CC,crimes code,260,all other offenses (except traffic),,,,,,,,,,,,,,
6903,railroad employee abandoning train,CC,crimes code,260,all other offenses (except traffic),,,,,,,,,,,,,,
6904,interfering with railroad employe,CC,crimes code,260,all other offenses (except traffic),,,,,,,,,,,,,,
6905 A,nail/other hard substance attached to utility pole,CC,crimes code,260,all other offenses (except traffic),,,,,,,,,,,,,,
6906 A,erection of crossing signboards-railroad,CC,crimes code,260,all other offenses (except traffic),,,,,,,,,,,,,,
6907,obstructing public crossings,CC,crimes code,260,all other offenses (except traffic),,,,,,,,,,,,,,
6908,obstructing private crossings,CC,crimes code,260,all other offenses (except traffic),,,,,,,,,,,,,,
6909,lights obstructing view of signals,CC,crimes code,260,all other offenses (except traffic),,,,,,,,,,,,,,
6910 A,"unauth sale/transfer tickets-travel, sale/etc",CC,crimes code,260,all other offenses (except traffic),,,,,,,,,,,,,,
6910 B,"unauth sale/transfer of tickets-travel, passenger",CC,crimes code,260,all other offenses (except traffic),,,,,,,,,,,,,,
7101,fraudulent entry of horses in race,CC,crimes code,110,fraud,,,,,,,,,,,,,,
7102,administering drugs race horses,CC,crimes code,260,all other offenses (except traffic),,,,,,,,,,,,,,
7103 A,horse racing,CC,crimes code,19C,gambling - other,,,,,,,,,,,,,,
7104 A,fortune telling,CC,crimes code,110,fraud,,,,,,,,,,,,,,
7105,pool and billiard rooms-rules for operation,CC,crimes code,260,all other offenses (except traffic),,,,,,,,,,,,,,
7106,theater owner fail to req proof of age,CC,crimes code,260,all other offenses (except traffic),,,,,,,,,,,,,,
7107 A1,unlawful act by ath agent-student athlete,CC,crimes code,260,all other offenses (except traffic),,,,,,,,,,,,,,
7107 A2,unlawful act by ath agent-student's immediate fam,CC,crimes code,260,all other offenses (except traffic),,,,,,,,,,,,,,
7107 A3,unlawful act by ath agent-emp of inst of higher ed,CC,crimes code,260,all other offenses (except traffic),,,,,,,,,,,,,,
7301,distribution samples of meds/dyes/etc,CC,crimes code,260,all other offenses (except traffic),,,,,,,,,,,,,,
7301 A,distribution of samples med dyes,CC,crimes code,260,all other offenses (except traffic),,,,,,,,,,,,,,
7302 A,sale of solidified alcohol,CC,crimes code,260,all other offenses (except traffic),,,,,,,,,,,,,,
7302 B,labeling of solidified alcohol,CC,crimes code,260,all other offenses (except traffic),,,,,,,,,,,,,,
7303 A,sale/illegal use of certain solvents-smell/inhale,CC,crimes code,18H,drug possession - other,,,,,,,,,,,,,,
7303 C,sale/illegal use of certain solvents-possession,CC,crimes code,18H,drug possession - other,,,,,,,,,,,,,,
7303 D,sale/illegal use of certain solvents-sell for use,CC,crimes code,18D,drug sale/mfg - other,,,,,,,,,,,,,,
7304 A,illegal sale/use of certain fire extinguisher-use,CC,crimes code,260,all other offenses (except traffic),,,,,,,,,,,,,,
7304 B,illegal sale/use of certain fire extinguisher-sale,CC,crimes code,260,all other offenses (except traffic),,,,,,,,,,,,,,
7305,sale of gasoline in glass container,CC,crimes code,260,all other offenses (except traffic),,,,,,,,,,,,,,
7306 A,incendiary devices-own/sell/manu/trans/poss,CC,crimes code,260,all other offenses (except traffic),,,,,,,,,,,,,,
7307,out of state convict made goods-sale/exchange,CC,crimes code,260,all other offenses (except traffic),,,,,,,,,,,,,,
7308 A,unlawful advertising of insurance business,CC,crimes code,260,all other offenses (except traffic),,,,,,,,,,,,,,
7309 A,unlawful coercion in contracting insurance,CC,crimes code,260,all other offenses (except traffic),,,,,,,,,,,,,,
7310 A,furnishing free ins as inducement for purchase,CC,crimes code,260,all other offenses (except traffic),,,,,,,,,,,,,,
7311 B,unlaw collection agency pract-appear for creditor,CC,crimes code,260,all other offenses (except traffic),,,,,,,,,,,,,,
7311 B.1,unlaw collection agency pract-unfair collect meth,CC,crimes code,260,all other offenses (except traffic),,,,,,,,,,,,,,
7311 C,unlaw collection agency pract-legal services,CC,crimes code,260,all other offenses (except traffic),,,,,,,,,,,,,,
7311 D,unlaw collection agency pract-services for debtor,CC,crimes code,260,all other offenses (except traffic),,,,,,,,,,,,,,
7311 E,unlaw collectoin agency pract-running for attorney,CC,crimes code,260,all other offenses (except traffic),,,,,,,,,,,,,,
7311 F1,unlaw collection agency pract-coerce/intimidate,CC,crimes code,260,all other offenses (except traffic),,,,,,,,,,,,,,
7312 A,debt pooling,CC,crimes code,260,all other offenses (except traffic),,,,,,,,,,,,,,
7313 A,buying/exchanging federal food orders/stamps/etc,CC,crimes code,110,fraud,,,,,,,,,,,,,,
7314 A,fraudulent traffic in food orders,CC,crimes code,110,fraud,,,,,,,,,,,,,,
7315,unauthorized disposition of donated food com-fed,CC,crimes code,110,fraud,,,,,,,,,,,,,,
7316 A,keeping bucket-shop,CC,crimes code,260,all other offenses (except traffic),,,,,,,,,,,,,,
7317 A,accessories in conduct of bucket-shop,CC,crimes code,260,all other offenses (except traffic),,,,,,,,,,,,,,
7318 A,maintaining premises in which bucket-shop operated,CC,crimes code,260,all other offenses (except traffic),,,,,,,,,,,,,,
7319 B,bucket-shop contracts,CC,crimes code,260,all other offenses (except traffic),,,,,,,,,,,,,,
7320,attaching ad w/o consent of pub,CC,crimes code,260,all other offenses (except traffic),,,,,,,,,,,,,,
7321 A,lie detector tests-req for employment,CC,crimes code,260,all other offenses (except traffic),,,,,,,,,,,,,,
7322,demanding proprty to secure employment,CC,crimes code,260,all other offenses (except traffic),,,,,,,,,,,,,,
7323,discriminaton on account of uniform,CC,crimes code,260,all other offenses (except traffic),,,,,,,,,,,,,,
7324 B,unlaw sale of term papers/etc-sale of assistance,CC,crimes code,260,all other offenses (except traffic),,,,,,,,,,,,,,
7324 C,unlaw sale of term papers/etc-sale of assignment,CC,crimes code,260,all other offenses (except traffic),,,,,,,,,,,,,,
7324 D,unlaw sale of term papers/etc-sale to seller,CC,crimes code,260,all other offenses (except traffic),,,,,,,,,,,,,,
7325,discrimination on account of guide/signal/service,CC,crimes code,260,all other offenses (except traffic),,,,,,,,,,,,,,
7326 A,disclosure of confidential tax info,CC,crimes code,260,all other offenses (except traffic),,,,,,,,,,,,,,
7327 A,storage/alcoholic bev on unlic business prem,CC,crimes code,220,liquor law,,,,,,,,,,,,,,
7327 B,consumption/alcoholic bev on unlic business prem,CC,crimes code,220,liquor law,,,,,,,,,,,,,,
7327 C,sale/alcoholic bev on unlic business prem,CC,crimes code,220,liquor law,,,,,,,,,,,,,,
7328 A,op of certain estab prohibited w/o local option,CC,crimes code,260,all other offenses (except traffic),,,,,,,,,,,,,,
7329 A,prohibited entertainment on bottle club prem,CC,crimes code,260,all other offenses (except traffic),,,,,,,,,,,,,,
7361 A,worldly employment/business-sunday,CC,crimes code,260,all other offenses (except traffic),,,,,,,,,,,,,,
7363 A,selling certain personal property -sunday,CC,crimes code,260,all other offenses (except traffic),,,,,,,,,,,,,,
7364 A,selling or dealing in fresh meat/prod/groc-sunday,CC,crimes code,260,all other offenses (except traffic),,,,,,,,,,,,,,
7365 A,trading in motor veh/trailer-sunday,CC,crimes code,260,all other offenses (except traffic),,,,,,,,,,,,,,
7501,removal of mobilehome to evade tax,CC,crimes code,260,all other offenses (except traffic),,,,,,,,,,,,,,
7502,failure of mobilehome court oper to make rpts,CC,crimes code,260,all other offenses (except traffic),,,,,,,,,,,,,,
7503 A,interest of certain arch/eng in pub works contract,CC,crimes code,260,all other offenses (except traffic),,,,,,,,,,,,,,
7504 A,appointment of special policemen-non pa citizen,CC,crimes code,260,all other offenses (except traffic),,,,,,,,,,,,,,
7505,violation of govt rules regarding traffic,CC,crimes code,260,all other offenses (except traffic),,,,,,,,,,,,,,
7506 B,violation of rules regarding conduct on govt prop,CC,crimes code,260,all other offenses (except traffic),,,,,,,,,,,,,,
7507,breach of privacy -psych stress eval/aud stress mon,CC,crimes code,260,all other offenses (except traffic),,,,,,,,,,,,,,
7507.1 A,invasion of privacy -victim full/part nude,CC,crimes code,260,all other offenses (except traffic),,,,,,,,,,,,,,
7509 A,furnishing drug free urine-sale,CC,crimes code,260,all other offenses (except traffic),,,,,,,,,,,,,,
7509 B,furnishing drug free urine-use,CC,crimes code,260,all other offenses (except traffic),,,,,,,,,,,,,,
7510 A1,mun housing code avoidance-4th or sub conviction,CC,crimes code,260,all other offenses (except traffic),,,,,,,,,,,,,,
7510 A2,mun housing code avoidance-continual/uncorrected,CC,crimes code,260,all other offenses (except traffic),,,,,,,,,,,,,,
7510 A3,mun housing code avoidance-threat to pub safety,CC,crimes code,260,all other offenses (except traffic),,,,,,,,,,,,,,
7510 A4,mun housing code avoidance-no reas att to correct,CC,crimes code,260,all other offenses (except traffic),,,,,,,,,,,,,,
7511 A,ctl of alarm dev/auto dial dev-req for connect,CC,crimes code,260,all other offenses (except traffic),,,,,,,,,,,,,,
7511 B,ctl of alarm dev/auto dial dev-disclosure,CC,crimes code,260,all other offenses (except traffic),,,,,,,,,,,,,,
7511 C1,ctl of alarm dev/auto dial dev-false alarms,CC,crimes code,260,all other offenses (except traffic),,,,,,,,,,,,,,
7512 A,criminal use of comm facility -commission of fel,CC,crimes code,260,all other offenses (except traffic),,,,,,,,,,,,,,
7513 A,restriction on alcoholic bev-open cont/highway,CC,crimes code,220,liquor law,,,,,,,,,,,,,,
7514 A,operating mv not equip w/ignit interlock-gen,CC,crimes code,260,all other offenses (except traffic),,,,,,,,,,,,,,
7514 B,tampering with interlock system,CC,crimes code,260,all other offenses (except traffic),,,,,,,,,,,,,,
780-113 A1,csddca-man/sale/poss of adulterated/misbranded sub,CS,"controlled substance, drug, device & cosmetic act",18A,drug sale/mfg - opium - cocaine,18b,drug sale/mfg - marijuana,18c,drug sale/mfg - synthetic,18d,drug sale/mfg - other,18e,drug possession - opium - cocaine,18f,drug possession - marijuana,18g,drug possession - synthetic,18h,drug possession - other
780-113 A10,csddca-retail sale drug except pharmacist/pract,CS,"controlled substance, drug, device & cosmetic act",18D,drug sale/mfg - other,,,,,,,,,,,,,,
780-113 A11,csddca-op drug man/dist/ret estab w/o conforming,CS,"controlled substance, drug, device & cosmetic act",18A,drug sale/mfg - opium - cocaine,18b,drug sale/mfg - marijuana,18c,drug sale/mfg - synthetic,18d,drug sale/mfg - other,,,,,,,,
780-113 A12,csddca-acq/poss cont sub by fraud/decept/etc,CS,"controlled substance, drug, device & cosmetic act",18E,drug possession - opium - cocaine,18f,drug possession - marijuana,18g,drug possession - synthetic,18h,drug possession - other,,,,,,,,
780-113 A13,csddca-sale/disp/dist cont sub to addict,CS,"controlled substance, drug, device & cosmetic act",18A,drug sale/mfg - opium - cocaine,18b,drug sale/mfg - marijuana,18c,drug sale/mfg - synthetic,18d,drug sale/mfg - other,,,,,,,,
780-113 A14,csddca-admin/dis/del of cont sub by prac/prof asst,CS,"controlled substance, drug, device & cosmetic act",18A,drug sale/mfg - opium - cocaine,18b,drug sale/mf g - marijuana,18c,drug sale/mfg - synthetic,18d,drug sale/mfg - other,,,,,,,,
780-113 A15,csddca-sale/dis sched ii/iii/iv sub to unauth per,CS,"controlled substance, drug, device & cosmetic act",18A,drug sale/mfg - opium - cocaine,18b,drug sale/mfg - marijuana,18c,drug sale/mfg - synthetic,18d,drug sale/mfg - other,,,,,,,,
780-113 A16,csddca-poss sub/counterfeit sub by unauth per,CS,"controlled substance, drug, device & cosmetic act",18E,drug possession - opium - cocaine,18f,drug possession - marijuana,18g,drug possession - synthetic,18h,drug possession - other,,,,,,,,
780-113 A17,csddca-disp cont sub w/0 label,CS,"controlled substance, drug, device & cosmetic act",18A,drug sale/mfg - opium - cocaine,18b,drug sale/mfg - marijuana,18c,drug sale/mfg - synthetic,18d,drug sale/mfg - other,,,,,,,,
780-113 A18,csddca-sale of cont sub w/o label,CS,"controlled substance, drug, device & cosmetic act",18A,drug sale/mfg - opium - cocaine,18b,drug sale/mfg - marijuana,18c,drug sale/mfg - synthetic,18d,drug sale/mfg - other,,,,,,,,
780-113 A19,csddca-pur/rec of cont sub from per not auth,CS,"controlled substance, drug, device & cosmetic act",18E,drug possession - opium - cocaine,18f,drug possession - marijuana,18g,drug possession - synthetic,18h,drug possession - other,,,,,,,,
780-113 A2,csddca-adulter/misbrand controlled sub,CS,"controlled substance, drug, device & cosmetic act",18A,drug sale/mfg - opium - cocaine,18b,drug sale/mfg - marijuana,18c,drug sale/mfg - synthetic,18d,drug sale/mfg - other,,,,,,,,
780-113 A20,csddca-use/reveal trade secret,CS,"controlled substance, drug, device & cosmetic act",18A,drug sale/mfg - opium - cocaine,18b,drug sale/mfg - marijuana,18c,drug sale/mfg - synthetic,18d,drug sale/mfg - other,,,,,,,,
780-113 A21,csddca-ref/fail to keep/furn req records/etc,CS,"controlled substance, drug, device & cosmetic act",18A,drug sale/mfg - opium - cocaine,18b,drug sale/mfg - marijuana,18c,drug sale/mfg - synthetic,18d,drug sale/mfg - other,,,,,,,,
780-113 A22,csddca-refuse entry into premises for insp,CS,"controlled substance, drug, device & cosmetic act",18A,drug sale/mfg - opium - cocaine,18b,drug sale/mfg - marijuana,18c,drug sale/mfg - synthetic,18d,drug sale/mfg - other,,,,,,,,
780-113 A23,csddca-unauth remov/deface seal on embargoed sub,CS,"controlled substance, drug, device & cosmetic act",18A,drug sale/mfg - opium - cocaine,18b,drug sale/mfg - marijuana,18c,drug sale/mfg - synthetic,18d,drug sale/mfg - other,,,,,,,,
780-113 A24,csddca-fail to reg/obtain license,CS,"controlled substance, drug, device & cosmetic act",18A,drug sale/mfg - opium - cocaine,18b,drug sale/mfg - marijuana,18c,drug sale/mfg - synthetic,18d,drug sale/mfg - other,,,,,,,,
780-113 A25,csddca-man/dist cont sub outside registration,CS,"controlled substance, drug, device & cosmetic act",18A,drug sale/mfg - opium - cocaine,18b,drug sale/mfg - marijuana,18c,drug sale/mfg - synthetic,18d,drug sale/mfg - other,,,,,,,,
780-113 A26,csddca-unlawful dist of sched i/ii sub,CS,"controlled substance, drug, device & cosmetic act",18A,drug sale/mfg - opium - cocaine,18b,drug sale/mfg - marijuana,18c,drug sale/mfg - synthetic,18d,drug sale/mfg - other,,,,,,,,
780-113 A27,csddca-use of fictitious/revoked/etc reg number,CS,"controlled substance, drug, device & cosmetic act",18A,drug sale/mfg - opium - cocaine,18b,drug sale/mfg - marijuana,18c,drug sale/mfg - synthetic,18d,drug sale/mfg - other,,,,,,,,
780-113 A28,csddca-furn false/fraud info in rec/rep/doc/etc,CS,"controlled substance, drug, device & cosmetic act",18A,drug sale/mfg - opium - cocaine,18b,drug sale/mfg - marijuana,18c,drug sale/mfg - synthetic,18d,drug sale/mfg - other,,,,,,,,
780-113 A29,csddca-device to render counterfeit sub,CS,"controlled substance, drug, device & cosmetic act",18A,drug sale/mfg - opium - cocaine,18b,drug sale/mfg - marijuana,18c,drug sale/mfg - synthetic,18d,drug sale/mfg - other,,,,,,,,
780-113 A3,csddca-dis/pub false/misleading ad,CS,"controlled substance, drug, device & cosmetic act",18A,drug sale/mfg - opium - cocaine,18b,drug sale/mfg - marijuana,18c,drug sale/mfg - synthetic,18d,drug sale/mfg - other,,,,,,,,
780-113 A30,"csddca-man/del/poss w int to del sub, being unreg",CS,"controlled substance, drug, device & cosmetic act",18A,drug sale/mfg - opium - cocaine,18b,drug sale/mfg - marijuana,18c,drug sale/mfg - synthetic,18d,drug sale/mfg - other,,,,,,,,
780-113 A31I,csddca-poss sm amt marijuana for personal use,CS,"controlled substance, drug, device & cosmetic act",18F,drug possession - marijuana,,,,,,,,,,,,,,
780-113 A31II,csddca-poss sm amt marijna for dist/not sale,CS,"controlled substance, drug, device & cosmetic act",18F,drug possession - marijuana,,,,,,,,,,,,,,
780-113 A31III,csddca-dist sm amt marijuana/not sold,CS,"controlled substance, drug, device & cosmetic act",18F,drug possession - marijuana,,,,,,,,,,,,,,
780-113 A32,csddca-use/poss w int use drug paraphernalia,CS,"controlled substance, drug, device & cosmetic act",260,all other offenses (except traffic),,,,,,,,,,,,,,
780-113 A33,csddca-del/poss/manu w int drug paraphernalia,CS,"controlled substance, drug, device & cosmetic act",260,all other offenses (except traffic),,,,,,,,,,,,,,
780-113 A34,csddca-place ad in pub for drug paraphernalia,CS,"controlled substance, drug, device & cosmetic act",260,all other offenses (except traffic),,,,,,,,,,,,,,
780-113 A35I,"csddca-man/dis/sell/poss nonctrld sub, as ctld sub",CS,"controlled substance, drug, device & cosmetic act",18A,drug sale/mfg - opium - cocaine,18b,drug sale/mfg - marijuana,18c,drug sale/mfg - synthetic,18d,drug sale/mfg - other,18e,drug possession - opium - cocaine,18f,drug possession - marijuana,18g,drug possession - synthetic,18h,drug possession - other
780-113 A35II,csddca-sell nonctrld sub as ctld sub,CS,"controlled substance, drug, device & cosmetic act",18A,drug sale/mfg - opium - cocaine,18b,drug sale/mfg - marijuana,18c,drug sale/mfg - synthetic,18d,drug sale/mfg - other,,,,,,,,
780-113 A35III,csddca-sell for resale nonctrld sub as ctld sub,CS,"controlled substance, drug, device & cosmetic act",18A,drug sale/mfg - opium - cocaine,18b,drug sale/mfg - marijuana,18c,drug sale/mfg - synthetic,18d,drug sale/mfg - other,,,,,,,,
780-113 A36,csddca-man/dis/poss designer drug,CS,"controlled substance, drug, device & cosmetic act",18C,drug sale/mfg - synthetic,18d,drug sale/mfg - other,18g,drug possession - synthetic,18h,drug possession - other,,,,,,,,
780-113 A37,"csddca-poss, other than reg, of auth amt",CS,"controlled substance, drug, device & cosmetic act",18E,drug possession - opium - cocaine,18f,drug possession - marijuana,18g,drug possession - synthetic,18h,drug possession - other,,,,,,,,
780-113 A4,csddca-removal/disposal of detained/embargoed sub,CS,"controlled substance, drug, device & cosmetic act",18A,drug sale/mfg - opium - cocaine,18b,drug sale/mfg - marijuana,18c,drug sale/mfg - synthetic,18d,drug sale/mfg - other,,,,,,,,
780-113 A5,csddca-alter/mutilate/destroy/remove sub label,CS,"controlled substance, drug, device & cosmetic act",18A,drug sale/mfg - opium - cocaine,18b,drug sale/mfg - marijuana,18c,drug sale/mfg - synthetic,18d,drug sale/mfg - other,,,,,,,,
780-113 A6,csddca-forge/simulate/falsely rep stamp/mark,CS,"controlled substance, drug, device & cosmetic act",18A,drug sale/mfg - opium - cocaine,18b,drug sale/mfg - marijuana,18c,drug sale/mfg - synthetic,18d,drug sale/mfg - other,,,,,,,,
780-113 A7,csddca-alter drug/container id w/intent to defraud,CS,"controlled substance, drug, device & cosmetic act",18A,drug sale/mfg - opium - cocaine,18b,drug sale/mfg - marijuana,18c,drug sale/mfg - synthetic,18d,drug sale/mfg - other,,,,,,,,
780-113 A8,csddca-sell/disp/poss sub w/altered id mark,CS,"controlled substance, drug, device & cosmetic act",18A,drug sale/mfg - opium - cocaine,18b,drug sale/mfg - marijuana,18c,drug sale/mfg - synthetic,18d,drug sale/mfg - other,,,,,,,,
780-113 A9,csddca-make/poss/sell device to print tm/id mark,CS,"controlled substance, drug, device & cosmetic act",18A,drug sale/mfg - opium - cocaine,18b,drug sale/mfg - marijuana,18c,drug sale/mfg - synthetic,18d,drug sale/mfg - other,,,,,,,,
888 A,noncontrolled sub rep/reg act-false info,NS,non-controlled substances reporting & reg.,260,all other offenses (except traffic),,,,,,,,,,,,,,
888 B,noncontrolled sub rep/reg act-violate act,NS,non-controlled substances reporting & reg.,260,all other offenses (except traffic),,,,,,,,,,,,,,
901 A,criminal attempt,CC,crimes code,*,code as substantive offense (except murder),,,,,,,,,,,,,,
902 A,criminal solicitation,CC,crimes code,*,code as substantive offense (except murder),,,,,,,,,,,,,,
903 A1,criminal conspiracy engaging,CC,crimes code,*,code as substantive offense (except murder),,,,,,,,,,,,,,
903 A2,criminal conspiracy aiding,CC,crimes code,*,code as substantive offense (except murder),,,,,,,,,,,,,,
903 B,criminal conspiracy knowledge,CC,crimes code,*,code as substantive offense (except murder),,,,,,,,,,,,,,
903 C,criminal conspiracy w/mult crim obj,CC,crimes code,*,code as substantive offense (except murder),,,,,,,,,,,,,,
907 A,possess instruments of crime w/int,CC,crimes code,260,all other offenses (except traffic),,,,,,,,,,,,,,
907 B,possess inst of crime-firearm/oth weapon w/int,CC,crimes code,150,"weapons, carrying, posses, etc.",,,,,,,,,,,,,,
907 C,possess instruments of crime - body armor,CC,crimes code,260,all other offenses (except traffic),,,,,,,,,,,,,,
908 A,make repairs/sell offens weap,CC,crimes code,150,"weapons, carrying, posses, etc.",,,,,,,,,,,,,,
909 A,man/dist/poss of master keys for motor veh,CC,crimes code,260,all other offenses (except traffic),,,,,,,,,,,,,,
910 A1I,man/dist/poss/use of dev for theft of telecom-gen,CC,crimes code,260,all other offenses (except traffic),,,,,,,,,,,,,,
910 A1II,man/dist/poss/use of dev to conceal or assist,CC,crimes code,260,all other offenses (except traffic),,,,,,,,,,,,,,
910 A2I,"sell/etc telecommunications device, plans, etc for",CC,crimes code,260,all other offenses (except traffic),,,,,,,,,,,,,,
910 A2II,sell/etc material to make unauthorized,CC,crimes code,260,all other offenses (except traffic),,,,,,,,,,,,,,
911 B1,corrupt organizations,CC,crimes code,260,all other offenses (except traffic),,,,,,,,,,,,,,
911 B2,corrupt org/int contrl enterprze,CC,crimes code,260,all other offenses (except traffic),,,,,,,,,,,,,,
911 B3,corrupt organizations - employee,CC,crimes code,260,all other offenses (except traffic),,,,,,,,,,,,,,
911 B4,"consp to vio 911b1, 911b2, 911b3",CC,crimes code,260,all other offenses (except traffic),,,,,,,,,,,,,,
912 B,possess weapon on school proprty,CC,crimes code,150,"weapons, carrying, posses, etc.",,,,,,,,,,,,,,
913 A1,poss firearm or other dangerous weapon in ct facil,CC,crimes code,150,"weapons, carrying, posses, etc.",,,,,,,,,,,,,,
913 A2,poss firearm/weapon in ct facil with intent to com,CC,crimes code,150,"weapons, carrying, posses, etc.",,,,,,,,,,,,,,
9132,fugitive from justice-violation of fugitive rights,JC,judicial code,260,all other offenses (except traffic),,,,,,,,,,,,,,
9134,fugitive from justice-arrest,JC,judicial code,260,all other offenses (except traffic),,,,,,,,,,,,,,
9795.2 A1,megan's law-register residence,JC,judicial code,260,all other offenses (except traffic),,,,,,,,,,,,,,
9795.2 A2,megan's law-change of residence,JC,judicial code,260,all other offenses (except traffic),,,,,,,,,,,,,,
9795.2 B2,megan's law-register upon entry into pa,JC,judicial code,260,all other offenses (except traffic),,,,,,,,,,,,,,
9796 A,megan's law-quarterly verification of residence,JC,judicial code,260,all other offenses (except traffic),,,,,,,,,,,,,,
9796 B,megan's law-annual verification of residence,JC,judicial code,260,all other offenses (except traffic),,,,,,,,,,,,,,
